"iso3c","country","region","income","date","SPI.INDEX.PIL1","SPI.INDEX.PIL2","SPI.INDEX.PIL3","SPI.INDEX.PIL4","SPI.INDEX.PIL5","SPI.INDEX","SPI.DIM1.5.INDEX","SPI.DIM2.1.INDEX","SPI.DIM2.2.INDEX","SPI.DIM2.4.INDEX","SPI.DIM3.1.INDEX","SPI.DIM3.2.INDEX","SPI.DIM3.3.INDEX","SPI.DIM3.4.INDEX","SPI.DIM4.1.CEN.INDEX","SPI.DIM4.1.SVY.INDEX","SPI.DIM4.2.INDEX","SPI.DIM4.3.INDEX","SPI.DIM5.1.INDEX","SPI.DIM5.2.INDEX","SPI.DIM5.5.INDEX","SPI.D1.5.POV","SPI.D1.5.CHLD.MORT","SPI.D1.5.DT.TDS.DPPF.XP.ZS","SPI.D1.5.SAFE.MAN.WATER","SPI.D1.5.LFP","SPI.D2.1.GDDS","SPI.D2.2.Machine.readable","SPI.D2.2.Non.proprietary","SPI.D2.2.Download.options","SPI.D2.2.Metadata.available","SPI.D2.2.Terms.of.use","SPI.D2.2.Openness.subscore","SPI.D2.4.NADA","SPI.D3.1.POV","SPI.D3.2.HNGR","SPI.D3.3.HLTH","SPI.D3.4.EDUC","SPI.D3.5.GEND","SPI.D3.6.WTRS","SPI.D3.7.ENRG","SPI.D3.8.WORK","SPI.D3.9.INDY","SPI.D3.10.NEQL","SPI.D3.11.CITY","SPI.D3.12.CNSP","SPI.D3.15.LAND","SPI.D3.16.INST","SPI.D3.17.PTNS","SPI.D3.13.CLMT","SPI.D4.1.1.POPU","SPI.D4.1.2.AGRI","SPI.D4.1.3.BIZZ","SPI.D4.1.4.HOUS","SPI.D4.1.5.AGSVY","SPI.D4.1.6.LABR","SPI.D4.1.7.HLTH","SPI.D4.1.8.BZSVY","SPI.D4.2.3.CRVS","SPI.D4.3.GEO.first.admin.level","SPI.D5.1.DILG","SPI.D5.2.1.SNAU","SPI.D5.2.2.NABY","SPI.D5.2.3.CNIN","SPI.D5.2.4.CPIBY","SPI.D5.2.5.HOUS","SPI.D5.2.6.EMPL","SPI.D5.2.7.CGOV","SPI.D5.2.8.FINA","SPI.D5.2.9.MONY","SPI.D5.2.10.GSBP","SPI.D5.5.DIFI","population"
"NOR","Norway","Europe & Central Asia","High income",2019,100,92.2333333333333,77.56875,80.6666666666667,100,90.09375,1,1,0.767,1,0.757833333333333,0.782166666666667,1,0.5855,0.666666666666667,1,1,0.56,1,1,1,1,1,1,1,1,1,1,1,0.623,0.67,0.542,0.767,1,1,0.889,0.905,0.545,0.375,0.833,0.8,0.643,1,0.5,1,0.75,1,0.556,0.615,1,1,1,0,1,1,1,1,1,1,0.56,1,1,1,1,1,1,1,1,1,1,1,1,5347896
"ITA","Italy","Europe & Central Asia","High income",2019,100,91.8666666666666,75.2875,81.825,100,89.7958333333333,1,1,0.756,1,0.711166666666667,0.787166666666667,1,0.528,1,0.934,1,0.339,1,1,1,1,1,1,1,1,1,0.771,0.786,0.69,0.762,0.771,0.756,1,0.857,0.8,0.857,0.545,0.375,0.833,0.8,0.769,1,0.571,0.833,0.75,1,0.556,0.5,1,1,1,1,1,1,1,0.67,1,1,0.339,1,1,1,1,1,1,1,1,1,1,1,1,60297396
"AUT","Austria","Europe & Central Asia","High income",2019,100,91.3,74.55,79.75,100,89.12,1,1,0.739,1,0.721666666666667,0.750666666666667,1,0.547,1,0.866,1,0.324,1,1,1,1,1,1,1,1,1,0.907,0.963,0.686,0.703,0.434,0.739,1,1,0.6,0.9,0.455,0.375,1,0.8,0.692,1,0.429,0.833,0.75,1,0.556,0.538,1,1,1,1,1,1,1,0.33,1,1,0.324,1,1,1,1,1,1,1,1,1,1,1,1,8877067
"POL","Poland","Europe & Central Asia","High income",2019,100,95.1,70.5375,79.7166666666667,100,89.0708333333333,1,1,0.853,1,0.678666666666667,0.7515,0.75,0.6025,0.666666666666667,0.934,1,0.588,1,1,1,1,1,1,1,1,1,1,1,0.68,0.679,0.905,0.853,1,0.714,0.7,0.905,0.545,0.375,0.833,0.8,0.692,1,0.667,0.6,0.75,1,0.667,0.538,0.5,1,1,0,1,1,1,0.67,1,1,0.588,1,1,1,1,1,1,1,1,1,1,1,1,37970874
"SVN","Slovenia","Europe & Central Asia","High income",2019,100,96.9333333333333,76.28125,71.4416666666667,100,88.93125,1,1,0.908,1,0.7335,0.791333333333333,1,0.528,0.666666666666667,0.934,1,0.257,1,1,1,1,1,1,1,1,1,0.963,1,0.784,0.897,0.897,0.908,1,1,0.7,0.857,0.636,0.375,0.833,0.8,0.769,1,0.429,1,0.75,1,0.556,0.5,1,1,1,0,1,1,1,0.67,1,1,0.257,1,1,1,1,1,1,1,1,1,1,1,1,2087946
"USA","United States","North America","High income",2019,100,94,63.11875,87.5,100,88.92375,1,1,0.82,1,0.593,0.604833333333333,0.9445,0.5115,1,1,1,0.5,1,1,1,1,1,1,1,1,1,0.83,0.952,0.566,0.797,0.952,0.82,1,0.857,0.7,0.762,0.364,0.375,0.5,0.6,0.571,0.625,0.5,0.833,0.5,0.889,0.556,0.467,1,1,1,1,1,1,1,1,1,1,0.5,1,1,1,1,1,1,1,1,1,1,1,1,328239523
"ESP","Spain","Europe & Central Asia","High income",2019,100,90.8666666666666,75.5375,77.8666666666667,100,88.8541666666667,1,1,0.726,1,0.6945,0.804166666666667,1,0.547,0.666666666666667,1,1,0.448,1,1,1,1,1,1,1,1,1,0.802,0.981,0.629,0.777,0.439,0.726,1,0.857,0.7,0.857,0.545,0.375,0.833,0.8,0.846,1,0.429,1,0.75,1,0.556,0.538,1,1,1,0,1,1,1,1,1,1,0.448,1,1,1,1,1,1,1,1,1,1,1,1,47076781
"SWE","Sweden","Europe & Central Asia","High income",2019,100,94.8666666666667,75.2375,72.5166666666667,100,88.5241666666667,1,1,0.846,1,0.712166666666667,0.7785,1,0.547,0.666666666666667,0.8,1,0.434,1,1,1,1,1,1,1,1,1,0.878,0.926,0.728,0.822,0.874,0.846,1,1,0.8,0.81,0.455,0.375,0.833,0.8,0.692,1,0.429,1,0.75,1,0.556,0.538,1,1,1,0,1,0.67,1,0.33,1,1,0.434,1,1,1,1,1,1,1,1,1,1,1,1,10285453
"FIN","Finland","Europe & Central Asia","High income",2019,100,94.9333333333333,75.2375,72.2166666666667,100,88.4775,1,1,0.848,1,0.7035,0.787166666666667,1,0.547,0.666666666666667,0.8,1,0.422,1,1,1,1,1,1,1,1,1,0.859,0.963,0.689,0.897,0.834,0.848,1,1,0.7,0.857,0.545,0.286,0.833,0.8,0.769,1,0.571,0.833,0.75,1,0.556,0.538,1,1,1,0,1,0.67,1,0.33,1,1,0.422,1,1,1,1,1,1,1,1,1,1,1,1,5520314
"KOR","Korea, Rep.","East Asia & Pacific","High income",2019,100,93.4,75.61875,82.4,90,88.28375,1,1,0.802,1,0.691666666666667,0.8175,1,0.522,1,1,1,0.296,1,0.9,1,1,1,1,1,1,1,0.874,0.926,0.804,0.481,0.926,0.802,1,0.857,0.8,0.952,0.455,0.286,0.8,1,0.571,1,0.667,0.667,1,1,0.444,0.6,1,1,1,1,1,1,1,1,1,1,0.296,1,1,0.5,1,0.5,1,1,1,1,1,1,1,51709098
"AUS","Australia","East Asia & Pacific","High income",2019,100,92.6666666666667,74.075,74.4666666666667,100,88.2416666666667,1,1,0.78,1,0.699666666666667,0.7545,1,0.5635,0.666666666666667,1,1,0.312,1,1,1,1,1,1,1,1,1,0.963,0.411,0.599,0.976,0.952,0.78,1,0.857,0.778,0.9,0.455,0.375,0.833,0.8,0.769,0.875,0.5,0.833,0.75,1,0.556,0.571,1,1,1,0,1,1,1,1,1,1,0.312,1,1,1,1,1,1,1,1,1,1,1,1,25364307
"NLD","Netherlands","Europe & Central Asia","High income",2019,100,98.5,71.3625,69.9166666666667,100,87.9558333333333,1,1,0.955,1,0.736,0.7595,0.6945,0.528,0.666666666666667,0.8,1,0.33,1,1,1,1,1,1,1,1,1,1,1,0.775,1,1,0.955,1,0.714,0.8,0.857,0.545,0.5,1,0.8,0.769,1,0.571,0.667,0.75,0.889,0.556,0.5,0.5,1,1,0,1,0,1,1,1,1,0.33,1,1,1,1,1,1,1,1,1,1,1,1,17332850
"MEX","Mexico","Latin America & Caribbean","Upper middle income",2019,100,92.9333333333333,89.31875,80.2833333333333,75,87.5070833333333,1,1,0.788,1,0.907166666666667,0.8835,1,0.7735,0.833333333333333,0.934,1,0.444,1,0.75,1,1,1,1,1,1,1,0.963,0.83,0.841,0.826,0.481,0.788,1,1,1,1,0.818,0.625,1,1,0.923,0.778,0.6,1,1,1,0.778,0.769,1,1,0.5,1,1,1,1,0.67,1,1,0.444,1,1,0.5,1,0.5,1,1,0.5,0,1,1,1,127575529
"DEU","Germany","Europe & Central Asia","High income",2019,100,96.4666666666667,71.10625,74.9166666666667,95,87.4979166666667,1,1,0.894,1,0.6965,0.748833333333333,0.75,0.6025,0.666666666666667,0.934,1,0.396,1,0.95,1,1,1,1,1,1,1,1,1,0.651,0.821,1,0.894,1,0.714,0.8,0.857,0.6,0.375,0.833,0.8,0.714,1,0.429,0.8,0.75,1,0.667,0.538,0.5,1,1,0,1,1,1,0.67,1,1,0.396,1,1,1,1,0.5,1,1,1,1,1,1,1,83132799
"CAN","Canada","North America","High income",2019,100,93.2,60.0125,84.1166666666667,100,87.4658333333333,1,1,0.796,1,0.568333333333333,0.6775,0.5,0.5635,0.666666666666667,1,1,0.698,1,1,1,1,1,1,1,1,1,0.915,0.967,0.651,0.967,0.481,0.796,1,0.429,0.8,0.9,0.364,0.25,0.667,0.8,0.615,1,0.5,0.4,0.75,1,0.556,0.571,0,1,1,0,1,1,1,1,1,1,0.698,1,1,1,1,1,1,1,1,1,1,1,1,37589262
"IRL","Ireland","Europe & Central Asia","High income",2019,100,94.7333333333333,74.1125,66.3416666666667,100,87.0375,1,1,0.842,1,0.699166666666667,0.7615,1,0.547,0.666666666666667,0.866,1,0.121,1,1,1,1,1,1,1,1,1,0.963,0.963,0.798,0.524,0.963,0.842,1,1,0.8,0.857,0.455,0.25,0.833,0.8,0.615,1,0.571,0.833,0.75,1,0.556,0.538,1,1,1,0,1,1,1,0.33,1,1,0.121,1,1,1,1,1,1,1,1,1,1,1,1,4941444
"CHE","Switzerland","Europe & Central Asia","High income",2019,100,87.6666666666667,76.55,80.8583333333333,90,87.015,1,1,0.63,1,0.739166666666667,0.7625,1,0.619,0.833333333333333,1,1,0.401,1,0.9,1,1,1,1,1,1,1,0.981,0.644,0.699,0.804,0.019,0.63,1,1,0.7,0.857,0.545,0.5,0.833,0.8,0.692,1,0.5,0.833,0.75,1,0.667,0.571,1,1,1,0.5,1,1,1,1,1,1,0.401,1,1,1,1,1,1,1,1,1,0,1,1,8574832
"FRA","France","Europe & Central Asia","High income",2019,100,90.8,74.3,66.6416666666667,100,86.3483333333333,1,1,0.724,1,0.721333333333333,0.750666666666667,1,0.528,0.666666666666667,0.934,1,0.065,1,1,1,1,1,1,1,1,1,0.708,0.614,0.472,0.858,0.967,0.724,1,1,0.8,0.9,0.545,0.25,0.833,0.8,0.692,1,0.429,0.833,0.75,1,0.556,0.5,1,1,1,0,1,1,1,0.67,1,1,0.065,1,1,1,1,1,1,1,1,1,1,1,1,67059887
"DNK","Denmark","Europe & Central Asia","High income",2019,90,98.7,68.01875,73.8666666666667,100,86.1170833333333,0.9,1,0.961,1,0.6945,0.711833333333333,0.6945,0.528,0.666666666666667,0.866,1,0.422,1,1,1,1,1,1,0.5,1,1,1,1,0.803,1,1,0.961,1,0.714,0.8,0.9,0.545,0.375,0.833,0.8,0.692,1,0.429,0.6,0.75,0.889,0.556,0.5,0.5,1,1,0,1,1,1,0.33,1,1,0.422,1,1,1,1,1,1,1,1,1,1,1,1,5818553
"EST","Estonia","Europe & Central Asia","High income",2019,100,93.9333333333333,67.49375,68.9416666666667,100,86.07375,1,1,0.818,1,0.701666666666667,0.709166666666667,0.639,0.528,0.666666666666667,0.866,1,0.225,1,1,1,1,1,1,1,1,1,0.963,0.963,0.769,0.963,0.434,0.818,1,0.857,0.7,0.9,0.545,0.375,0.833,0.8,0.538,1,0.5,0.667,0.75,0.778,0.556,0.5,0.5,1,1,0,1,1,1,0.33,1,1,0.225,1,1,1,1,1,1,1,1,1,1,1,1,1326590
"JPN","Japan","East Asia & Pacific","High income",2019,90,90.5333333333333,73.5125,80,95,85.8091666666667,0.9,1,0.716,1,0.675,0.756833333333333,1,0.5855,1,0.734,1,0.466,1,0.95,1,1,1,1,0.5,1,1,0.963,0.844,0.375,0.481,0.915,0.716,1,0.857,0.667,0.9,0.364,0.429,0.833,0.8,0.769,0.889,0.5,0.833,0.75,1,0.556,0.615,1,1,1,1,0.67,0,1,1,1,1,0.466,1,1,1,1,0.5,1,1,1,1,1,1,1,126264931
"SVK","Slovak Republic","Europe & Central Asia","High income",2019,90,94.9333333333333,69.95,73.0916666666667,100,85.595,0.9,1,0.848,1,0.678666666666667,0.735833333333333,0.75,0.6025,0.666666666666667,0.934,1,0.323,1,1,1,1,1,1,0.5,1,1,0.943,1,0.792,0.576,0.929,0.848,1,0.714,0.7,0.905,0.545,0.375,0.833,0.8,0.769,1,0.429,0.667,0.75,1,0.667,0.538,0.5,1,1,0,1,1,1,0.67,1,1,0.323,1,1,1,1,1,1,1,1,1,1,1,1,5454073
"PRT","Portugal","Europe & Central Asia","High income",2019,100,90.7666666666667,71.0375,65.7916666666667,100,85.5191666666667,1,1,0.723,1,0.716166666666667,0.770833333333333,0.75,0.472,0.666666666666667,0.866,1,0.099,1,1,1,1,1,1,1,1,1,1,0.905,0.845,0.867,0,0.723,1,0.714,0.8,0.905,0.545,0.5,0.833,0.8,0.846,1,0.429,0.8,0.75,1,0.444,0.5,0.5,1,1,0,1,1,1,0.33,1,1,0.099,1,1,1,1,1,1,1,1,1,1,1,1,10269417
"GRC","Greece","Europe & Central Asia","High income",2019,100,87.5,68.5375,70.7666666666667,100,85.3608333333333,1,1,0.625,1,0.670666666666667,0.724666666666667,0.75,0.547,0.666666666666667,1,1,0.164,1,1,1,1,1,1,1,1,1,0.471,0.674,0.378,0.642,0.963,0.625,1,0.714,0.7,0.857,0.545,0.375,0.833,0.8,0.769,1,0.429,0.6,0.75,1,0.556,0.538,0.5,1,1,0,1,1,1,1,1,1,0.164,1,1,1,1,1,1,1,1,1,1,1,1,10716322
"NZL","New Zealand","East Asia & Pacific","High income",2019,100,91.6333333333333,71.51875,63.1666666666667,100,85.26375,1,1,0.749,1,0.652333333333333,0.733666666666667,1,0.5635,0.666666666666667,0.8,1,0.06,1,1,1,1,1,1,1,1,1,0.77,0.926,0.628,0.537,0.884,0.749,1,0.714,0.625,0.905,0.545,0.125,1,0.8,0.769,1,0.5,0.833,0.5,1,0.556,0.571,1,1,1,0,1,1,1,0,1,1,0.06,1,1,1,1,1,1,1,1,1,1,1,1,4917000
"CZE","Czech Republic","Europe & Central Asia","High income",2019,90,90.1,74.5875,75.6166666666667,95,85.0608333333333,0.9,1,0.703,1,0.703333333333333,0.776333333333333,1,0.528,0.666666666666667,0.934,1,0.424,1,0.95,1,1,1,1,0.5,1,1,0.963,0.963,0.497,0.613,0.481,0.703,1,1,0.7,0.857,0.455,0.375,0.833,0.8,0.846,1,0.429,0.833,0.75,1,0.556,0.5,1,1,1,0,1,1,1,0.67,1,1,0.424,1,1,1,1,0.5,1,1,1,1,1,1,1,10669709
"LTU","Lithuania","Europe & Central Asia","High income",2019,100,91.8333333333333,60.96875,71.8666666666667,100,84.93375,1,1,0.755,1,0.653833333333333,0.666333333333333,0.389,0.528,0.666666666666667,0.866,1,0.342,1,1,1,1,1,1,1,1,1,0.981,1,0.934,0.812,0.048,0.755,1,0.571,0.7,0.857,0.545,0.25,1,0.8,0.615,1,0.5,0.333,0.75,0.778,0.556,0.5,0,1,1,0,1,1,1,0.33,1,1,0.342,1,1,1,1,1,1,1,1,1,1,1,1,2786844
"HUN","Hungary","Europe & Central Asia","High income",2019,100,86.8666666666667,69.0375,68.2666666666667,100,84.8341666666667,1,1,0.606,1,0.697,0.7365,0.6945,0.528,0.666666666666667,0.934,1,0.13,1,1,1,1,1,1,1,1,1,0.859,0.859,0.511,0.775,0.024,0.606,1,0.571,0.7,0.9,0.636,0.375,1,0.8,0.769,1,0.5,0.6,0.75,0.889,0.556,0.5,0.5,1,1,0,1,1,1,0.67,1,1,0.13,1,1,1,1,1,1,1,1,1,1,1,1,9769949
"TUR","Turkey","Europe & Central Asia","Upper middle income",2019,100,84,86.08125,53.1083333333333,100,84.6379166666667,1,1,0.52,1,0.804666666666667,0.915333333333333,1,0.7265,0.333333333333333,0.666,1,0.125,1,1,1,1,1,1,1,1,1,0.768,0.052,0.434,0.548,0.801,0.52,1,1,0.9,1,0.636,0.625,0.667,1,0.692,1,0.8,1,1,1,0.667,0.786,1,1,0,0,1,0.33,1,1,0,1,0.125,1,1,1,1,1,1,1,1,1,1,1,1,83429615
"LVA","Latvia","Europe & Central Asia","High income",2019,100,89.1666666666667,61.3875,68.0416666666667,100,83.7191666666667,1,1,0.675,1,0.670666666666667,0.660666666666667,0.389,0.528,0.666666666666667,0.934,1,0.121,1,1,1,1,1,1,1,1,1,0.886,0.905,0.792,0.76,0.033,0.675,1,0.571,0.8,0.9,0.545,0.375,0.833,0.8,0.692,0.889,0.5,0.333,0.75,0.778,0.556,0.5,0,1,1,0,1,1,1,0.67,1,1,0.121,1,1,1,1,1,1,1,1,1,1,1,1,1912789
"GBR","United Kingdom","Europe & Central Asia","High income",2019,100,86.8,74.025,64.9416666666667,90,83.1533333333333,1,1,0.604,1,0.717,0.766333333333333,1,0.472,0.666666666666667,0.866,1,0.065,1,0.9,1,1,1,1,1,1,1,0.775,0.384,0.35,0.738,0.775,0.604,1,0.857,0.8,0.857,0.455,0.5,0.833,0.8,0.786,1,0.429,0.833,0.75,1,0.444,0.5,1,1,1,0,1,1,1,0.33,1,1,0.065,1,1,1,1,1,1,1,1,1,0,1,1,66834405
"CHL","Chile","Latin America & Caribbean","High income",2019,100,76.9666666666667,80.69375,59.525,95,82.4370833333333,1,1,0.309,1,0.77,0.867,1,0.5445,0.5,0.6,1,0.281,1,0.95,1,1,1,1,1,1,1,0.496,0.588,0.079,0.382,0,0.309,1,1,0.8,0.9,0.545,0.375,1,1,0.846,0.889,0.667,0.8,1,1,0.556,0.533,1,1,0.5,0,1,0,1,0,1,1,0.281,1,1,1,1,0.5,1,1,1,1,1,1,1,18952038
"BEL","Belgium","Europe & Central Asia","High income",2019,100,83.9333333333333,62.225,65.9166666666667,100,82.415,1,1,0.518,1,0.645666666666667,0.671,0.5,0.528,0.666666666666667,0.8,1,0.17,1,1,1,1,1,1,1,1,1,0.706,0.617,0.578,0.407,0.28,0.518,1,0.571,0.7,0.85,0.545,0.375,0.833,0.8,0.714,1,0.429,0.333,0.75,1,0.556,0.5,0,1,1,0,1,0.33,1,0.67,1,1,0.17,1,1,1,1,1,1,1,1,1,1,1,1,11484055
"BGR","Bulgaria","Europe & Central Asia","Upper middle income",2019,100,90.1,60.675,70.8416666666667,90,82.3233333333334,1,1,0.703,1,0.591333333333333,0.572833333333333,0.8335,0.528,0.666666666666667,0.934,1,0.233,1,0.9,1,1,1,1,1,1,1,0.863,0.745,0.623,0.821,0.463,0.703,1,0.857,0.6,0.81,0.364,0.25,0.667,0.6,0.462,0.625,0.333,0.667,0.75,0.667,0.556,0.5,1,1,1,0,1,1,1,0.67,1,1,0.233,1,1,1,1,1,1,1,1,1,1,0,1,6975761
"ARM","Armenia","Europe & Central Asia","Upper middle income",2019,100,84.9666666666667,81.225,59.9416666666667,85,82.2266666666667,1,1,0.549,1,0.8225,0.787833333333333,0.9445,0.7225,0.666666666666667,0.6,1,0.131,1,0.85,1,1,1,1,1,1,1,0.715,0.746,0.612,0.671,0,0.549,1,1,0.889,0.952,0.636,0.625,0.833,0.933,0.769,0.625,0.6,0.8,1,0.889,0.778,0.667,1,1,1,0,1,0.33,1,0.67,0,1,0.131,1,1,1,1,0.5,1,1,0.5,0.5,1,1,1,2957731
"CYP","Cyprus","Europe & Central Asia","High income",2019,100,92.2666666666667,53.33125,73.3083333333333,85,80.78125,1,1,0.768,1,0.535666666666667,0.539833333333333,0.5835,0.4565,0.833333333333333,1,1,0.099,1,0.85,1,1,1,1,1,1,1,0.878,0.721,0.467,0.841,0.933,0.768,1,0.571,0.6,0.762,0.364,0.25,0.667,0.8,0.385,0.625,0.429,0.5,0.5,0.667,0.556,0.357,0.5,1,1,0.5,1,1,1,1,1,1,0.099,1,1,1,1,0.5,1,0,1,1,1,1,1,1198575
"GEO","Georgia","Europe & Central Asia","Upper middle income",2019,100,86.4666666666667,73.71875,60.1166666666667,80,80.0604166666667,1,1,0.594,1,0.756166666666667,0.664666666666667,0.9445,0.6905,0.666666666666667,0.6,1,0.138,1,0.8,-99,1,1,1,1,1,1,0.73,0.919,0.606,0.713,0,0.594,1,1,0.667,0.95,0.545,0.375,1,0.8,0.538,0.75,0.6,0.8,0.5,0.889,0.667,0.714,1,1,1,0,1,0.33,1,0.67,0,1,0.138,1,1,1,0.5,0.5,1,1,0.5,0.5,1,1,NA,3720382
"CRI","Costa Rica","Latin America & Caribbean","Upper middle income",2019,100,86.4666666666667,75.95625,66.4666666666667,70,79.7779166666667,1,1,0.594,1,0.7645,0.725333333333333,0.9445,0.6625,0.666666666666667,0.8,1,0.192,1,0.7,1,1,1,1,1,1,1,0.716,0.732,0.349,0.548,0.624,0.594,1,1,0.667,1,0.545,0.375,1,0.933,0.769,0.75,0.6,0.8,0.5,0.889,0.556,0.769,1,1,1,0,1,0,1,1,1,1,0.192,1,1,1,1,0.5,1,0,1,0.5,1,0,1,5047561
"MDA","Moldova","Europe & Central Asia","Lower middle income",2019,100,94.2333333333333,53.5625,58.8166666666667,90,79.3225,1,1,0.827,1,0.590666666666667,0.489666666666667,0.4445,0.5995,0.666666666666667,0.466,1,0.22,1,0.9,0,1,1,1,1,1,1,0.933,0.933,0.777,0.654,0.838,0.827,1,0.571,0.625,0.81,0.455,0.25,0.833,0.6,0.538,0.75,0.6,0.2,0.25,0.889,0.556,0.643,0,1,1,0,1,0,1,0.33,0,1,0.22,1,1,1,1,1,1,1,0.5,0.5,1,1,0,2657637
"KGZ","Kyrgyz Republic","Europe & Central Asia","Lower middle income",2019,100,81.4666666666667,73.6375,53.0583333333333,85,78.6325,1,1,0.444,1,0.769833333333333,0.656666666666667,0.9445,0.667,0.333333333333333,0.466,1,0.323,0,0.85,1,1,1,1,1,1,1,0.533,0.463,0.349,0.43,0.448,0.444,1,1,0.778,0.905,0.636,0.5,0.8,0.8,0.615,0.625,0.6,0.8,0.5,0.889,0.667,0.667,1,1,0,0,1,0,0.33,1,0,1,0.323,0,0.5,1,1,1,1,1,0.5,0.5,1,1,1,6456900
"KAZ","Kazakhstan","Europe & Central Asia","Upper middle income",2019,100,82.1333333333333,78.3125,62.35,70,78.5591666666667,1,1,0.464,1,0.805666666666667,0.719166666666667,0.9445,0.746,0.5,0.6,1,0.394,1,0.7,1,1,1,1,1,1,1,0.896,0.463,0.468,0.49,0,0.464,1,1,0.778,0.905,0.818,0.5,0.833,0.933,0.615,0.75,0.6,0.667,0.75,0.889,0.778,0.714,1,1,0.5,0,1,0,1,1,0,1,0.394,1,0.5,1,1,1,1,0,0.5,0,1,1,1,18513930
"LUX","Luxembourg","Europe & Central Asia","High income",2019,80,90.4333333333333,61.28125,59.2916666666667,100,78.20125,0.8,1,0.713,1,0.631833333333333,0.678166666666667,0.4445,0.528,0.666666666666667,0.666,1,0.039,1,1,1,1,0,1,1,1,1,0.774,0.793,0.652,0.571,0.774,0.713,1,0.571,0.7,0.857,0.455,0.375,0.833,0.8,0.615,1,0.571,0.333,0.75,0.889,0.556,0.5,0,1,1,0,1,0,1,0.33,1,1,0.039,1,1,1,1,1,1,1,1,1,1,1,1,619896
"RUS","Russian Federation","Europe & Central Asia","Upper middle income",2019,93.4,83.6666666666667,58.51875,65.3666666666667,90,78.1904166666667,0.934,1,0.51,1,0.529,0.5845,0.8335,0.5075,0.666666666666667,0.668,1,0.28,1,0.9,1,1,1,0.67,1,1,1,0.505,0.568,0.382,0.548,0.548,0.51,1,0.714,0.556,0.714,0.273,0.25,0.667,0.6,0.615,0.625,0.5,0.667,0.5,0.667,0.444,0.571,1,1,1,0,1,0,1,0.67,0.67,1,0.28,1,1,1,1,1,1,0,1,1,1,1,1,144373535
"ISR","Israel","Middle East & North Africa","High income",2019,100,85.7333333333333,58.4625,46.4833333333333,100,78.1358333333333,1,1,0.572,1,0.588,0.665333333333333,0.389,0.528,0.333333333333333,0.466,1,0.06,1,1,1,1,1,1,1,1,1,0.859,0.812,0.368,0.448,0.372,0.572,1,0.429,0.75,0.762,0.545,0.375,0.667,0.8,0.692,0.75,0.667,0.333,0.75,0.778,0.556,0.5,0,1,0,0,1,0,1,0.33,0,1,0.06,1,1,1,1,1,1,1,1,1,1,1,1,9053300
"ISL","Iceland","Europe & Central Asia","High income",2019,80,87.8,59.7,61.6666666666667,100,77.8333333333333,0.8,1,0.634,1,0.618166666666667,0.612,0.5,0.5855,0.666666666666667,0.8,1,0,1,1,1,1,0,1,1,1,1,0.915,0.915,0.84,0.5,0,0.634,1,0.571,0.8,0.857,0.273,0.375,0.833,0.8,0.538,1,0.667,0.167,0.5,1,0.556,0.615,0,1,1,0,1,0.67,1,0.33,1,1,0,1,1,1,1,1,1,1,1,1,1,1,1,361313
"ROU","Romania","Europe & Central Asia","High income",2019,90,87.1666666666667,56.73125,73.6416666666667,80,77.5079166666667,0.9,1,0.615,1,0.576,0.547833333333333,0.5835,0.5835,0.666666666666667,0.934,1,0.345,1,0.8,1,1,1,1,0.5,1,1,0.789,0.889,0.614,0.751,0.033,0.615,1,0.857,0.556,0.762,0.364,0.25,0.667,0.6,0.462,0.625,0.5,0.6,0.5,0.667,0.667,0.5,0.5,1,1,0,1,1,1,0.67,1,1,0.345,1,1,1,1,1,0,1,1,1,1,0,1,19356544
"BLR","Belarus","Europe & Central Asia","Upper middle income",2019,100,79.2333333333333,67.88125,53.5583333333333,85,77.1345833333334,1,1,0.377,1,0.721166666666667,0.657666666666667,0.639,0.655,0.333333333333333,0.468,1,0.341,1,0.85,1,1,1,1,1,1,1,0.344,0.748,0.268,0.524,0,0.377,1,0.714,0.667,0.81,0.636,0.5,1,0.8,0.571,0.625,0.6,0.6,0.75,0.778,0.667,0.643,0.5,1,0,0,1,0,0.67,0.67,0,1,0.341,1,1,1,1,1,1,0,0.5,1,1,1,1,9466856
"BRA","Brazil","Latin America & Caribbean","Upper middle income",2019,90,83.3,73.09375,62.375,75,76.75375,0.9,1,0.499,1,0.699666666666667,0.787833333333333,0.6945,0.6905,0.5,0.6,1,0.395,-99,0.75,-99,1,1,1,1,0.5,1,0.897,0.578,0.515,0.505,0,0.499,1,0.714,0.7,0.9,0.455,0.429,1,0.933,0.769,0.625,0.6,0.8,1,0.889,0.667,0.714,0.5,1,0.5,0,1,1,1,0,0,1,0.395,NA,1,1,1,0.5,1,0,1,1,1,0,NA,211049527
"MNG","Mongolia","East Asia & Pacific","Lower middle income",2019,100,80,77.475,63.9416666666667,60,76.2833333333333,1,0.5,0.9,1,0.8485,0.661833333333333,0.9445,0.7225,0.666666666666667,0.6,1,0.291,1,0.6,1,1,1,1,1,1,0.5,0.939,0.963,0.939,0.695,0.963,0.9,1,0.857,0.9,0.857,0.727,0.75,1,0.8,0.615,0.556,0.5,1,0.5,0.889,0.778,0.667,1,1,1,0,1,0,1,1,0,1,0.291,1,1,0.5,0.5,0.5,1,1,0.5,0,1,0,1,3225167
"THA","Thailand","East Asia & Pacific","Upper middle income",2019,100,76.4666666666667,76.2375,57.85,70,76.1108333333333,1,1,0.294,1,0.7495,0.710833333333333,0.9445,0.7735,1,0.732,0.5,0.082,1,0.7,1,1,1,1,1,1,1,0,0.896,0.079,0.496,0,0.294,1,0.857,1,0.857,0.545,0.571,0.667,0.8,0.615,0.75,0.6,1,0.5,0.889,0.778,0.769,1,1,1,1,1,0.33,1,1,0.33,0.5,0.082,1,1,0,1,0,1,1,1,1,1,0,1,69625582
"MUS","Mauritius","Sub-Saharan Africa","High income",2019,100,86.2,56.99375,66.375,70,75.91375,1,1,0.586,1,0.550166666666667,0.609833333333333,0.4445,0.635,1,0.534,1,0.121,1,0.7,1,1,1,1,1,1,1,0.796,0.693,0.369,0.571,0.5,0.586,1,0.429,0.6,0.81,0.545,0.25,0.667,0.8,0.692,0.75,0.5,0.167,0.75,0.889,0.556,0.714,0,1,1,1,1,0,1,0.67,0,1,0.121,1,1,0,1,0.5,1,1,1,0.5,1,0,1,1265711
"SRB","Serbia","Europe & Central Asia","Upper middle income",2019,100,67.3666666666667,68.43125,63.1666666666667,80,75.7929166666667,1,0.5,0.521,1,0.698666666666667,0.618666666666667,0.9445,0.578,0.666666666666667,0.8,1,0.06,1,0.8,1,1,1,1,1,1,0.5,0.483,0.753,0.402,0.542,0.424,0.521,1,1,0.6,0.762,0.455,0.375,1,0.6,0.462,0.75,0.6,0.8,0.5,0.889,0.556,0.6,1,1,1,0,1,0.33,1,1,0.67,1,0.06,1,1,1,1,0.5,1,1,0.5,0,1,1,1,6944975
"PHL","Philippines","East Asia & Pacific","Lower middle income",2019,100,88.2666666666667,75.175,80.175,35,75.7233333333333,1,1,0.648,1,0.790333333333333,0.650833333333333,0.9445,0.746,1,1,1,0.207,1,0.35,-99,1,1,1,1,1,1,0.751,1,0.471,0.5,0.519,0.648,1,0.857,0.9,0.905,0.455,0.625,1,0.8,0.538,0.667,0.6,0.8,0.5,0.889,0.778,0.714,1,1,1,1,1,1,1,1,1,1,0.207,1,1,0,0.5,0,1,0,0,0,1,0,NA,108116615
"ALB","Albania","Europe & Central Asia","Upper middle income",2019,100,69.7666666666667,72.70625,59.4416666666667,75,75.3829166666667,1,0.5,0.593,1,0.783,0.629833333333333,0.9445,0.6335,0.666666666666667,0.534,1,0.177,1,0.75,0,1,1,1,1,1,0.5,0.804,0.933,0.717,0.509,0,0.593,1,0.714,0.9,0.857,0.727,0.5,1,0.8,0.462,0.5,0.6,0.667,0.75,0.889,0.667,0.6,1,1,1,0,1,0,1,0.67,0,1,0.177,1,1,1,1,0.5,1,0,0,1,1,1,0,2854191
"SGP","Singapore","East Asia & Pacific","High income",2019,100,100,42.1625,53.3333333333333,80,75.0991666666667,1,1,1,1,0.442,0.407,0.278,0.548,0.333333333333333,0.8,1,0,1,0.8,1,1,1,1,1,1,1,1,1,1,1,1,1,1,0.143,0.375,0.762,0.455,0.25,0.667,0.8,0.308,0.5,0.167,0.167,0.5,0.556,0.667,0.429,0,1,0,0,1,0,1,1,1,1,0,1,1,0.5,1,1,1,1,0.5,1,0,1,1,5703569
"MLT","Malta","Middle East & North Africa","High income",2019,100,84,45.5,68.5916666666667,75,74.6183333333333,1,1,0.52,1,0.504666666666667,0.463833333333333,0.278,0.4565,0.666666666666667,0.934,1,0.143,1,0.75,-99,1,1,1,1,1,1,0.251,0.714,0.35,0.573,0.714,0.52,1,0.429,0.556,0.762,0.364,0.25,0.667,0.6,0.462,0.625,0.429,0.167,0.5,0.556,0.556,0.357,0,1,1,0,1,1,1,0.67,1,1,0.143,1,1,1,1,0.5,1,0,1,1,1,0,NA,502653
"EGY","Egypt, Arab Rep.","Middle East & North Africa","Lower middle income",2019,100,76.8,72.6375,60.9166666666667,60,74.0708333333333,1,1,0.304,1,0.733,0.6775,0.9445,0.635,0.666666666666667,0.6,1,0.17,1,0.6,0,1,1,1,1,1,1,0.056,0.896,0.128,0.439,0,0.304,1,1,0.667,0.857,0.636,0.571,0.667,0.8,0.615,0.75,0.6,0.8,0.5,0.889,0.556,0.714,1,1,1,0,1,0,1,1,0,1,0.17,1,0.5,0.5,1,0.5,1,0,0,0.5,1,1,0,100388073
"COL","Colombia","Latin America & Caribbean","Upper middle income",2019,100,84.2666666666667,83.11875,46.4416666666667,55,73.7654166666667,1,1,0.528,1,0.834166666666667,0.800333333333333,0.9445,0.8015,0.666666666666667,0.934,0,0.257,1,0.55,0,1,1,1,1,1,1,0.893,0.18,0.332,0.775,0.463,0.528,1,1,0.889,1,0.545,0.571,1,0.933,0.769,0.75,0.6,1,0.75,0.889,0.889,0.714,1,1,1,0,1,1,1,0.67,1,0,0.257,1,1,0.5,1,0,0,0,1,0,1,1,0,50339443
"ZAF","South Africa","Sub-Saharan Africa","Upper middle income",2019,76.6,85.5,75.075,65.2,65,73.475,0.766,1,0.565,1,0.745666666666667,0.719166666666667,0.9445,0.667,0.5,0.8,1,0.308,1,0.65,0,0.5,1,0.33,1,1,1,0.442,0.794,0.397,0.434,0.76,0.565,1,0.714,0.9,0.905,0.455,0.5,1,0.8,0.615,0.75,0.4,1,0.75,0.889,0.667,0.667,1,1,0.5,0,1,1,1,1,0,1,0.308,1,1,0.5,0.5,0.5,1,0,0.5,0.5,1,1,0,58558270
"ECU","Ecuador","Latin America & Caribbean","Upper middle income",2019,100,87.7333333333333,76.425,55.5916666666667,45,72.95,1,1,0.632,1,0.776833333333333,0.7125,0.9445,0.7015,0.666666666666667,0.8,0.5,0.257,0,0.45,1,1,1,1,1,1,1,0.732,0.783,0.41,0.646,0.588,0.632,1,1,0.7,0.95,0.636,0.375,1,0.933,0.692,0.5,0.6,0.8,0.75,0.889,0.778,0.625,1,1,0,1,1,0,1,1,1,0.5,0.257,0,1,0,1,0,1,0,0,0.5,1,0,1,17373662
"LKA","Sri Lanka","South Asia","Lower middle income",2019,100,81.0333333333333,70.45625,66.425,45,72.5829166666667,1,1,0.431,1,0.724,0.636166666666667,0.9445,0.6115,1,0.532,1,0.125,1,0.45,0,1,1,1,1,1,1,0.246,0.976,0.392,0.542,0,0.431,1,1,0.9,0.905,0.364,0.375,0.8,0.8,0.5,0.75,0.6,0.667,0.5,0.889,0.556,0.667,1,1,1,1,1,0.33,1,0.33,0,1,0.125,1,1,0.5,1,0,1,0,0,0,1,0,0,21803000
"UKR","Ukraine","Europe & Central Asia","Lower middle income",2019,100,46.0666666666667,67.3375,49.0166666666667,100,72.4841666666667,1,1,0.382,0,0.6635,0.6175,0.9445,0.5995,0.166666666666667,0.734,1,0.06,0,1,1,1,1,1,1,1,1,0.328,0.878,0.269,0.435,0,0.382,0,1,0.7,0.667,0.364,0.25,1,0.6,0.538,0.667,0.6,0.8,0.5,0.889,0.556,0.643,1,0.5,0,0,1,0,1,0.67,1,1,0.06,0,1,1,1,1,1,1,1,1,1,1,1,44385155
"IDN","Indonesia","East Asia & Pacific","Upper middle income",2019,100,87.3333333333333,74.8875,43.7916666666667,55,72.2025,1,1,0.62,1,0.730833333333333,0.733,0.9445,0.655,0.666666666666667,0.8,0,0.285,1,0.55,0,1,1,1,1,1,1,0.585,0.849,0.458,0.377,0.83,0.62,1,1,0.778,0.8,0.545,0.429,0.833,0.933,0.615,0.75,0.6,1,0.5,0.889,0.667,0.643,1,1,1,0,1,0,1,1,1,0,0.285,1,1,0.5,1,0.5,0,0,0.5,1,1,0,0,270625568
"MKD","North Macedonia","Europe & Central Asia","Upper middle income",2019,100,88.0666666666667,51.14375,55.9833333333333,65,72.03875,1,1,0.642,1,0.592,0.431,0.4445,0.578,0.333333333333333,0.802,1,0.104,1,0.65,1,1,1,1,1,1,1,0.893,0.952,0.642,0.675,0.048,0.642,1,0.571,0.556,0.762,0.455,0.375,0.833,0.6,0.286,0.75,0.5,0.2,0.25,0.889,0.556,0.6,0,0.5,0.5,0,1,0.67,1,0.67,0.67,1,0.104,1,0,1,1,1,1,0,0.5,0,1,1,1,2083459
"MYS","Malaysia","East Asia & Pacific","Upper middle income",2019,80,84.0333333333333,73.01875,68.2,50,71.0504166666667,0.8,1,0.521,1,0.758666666666667,0.655333333333333,0.9445,0.655,1,0.532,1,0.196,-99,0.5,-99,1,1,0,1,1,1,0.859,0.859,0.44,0.43,0.019,0.521,1,1,0.9,0.857,0.545,0.25,1,0.8,0.615,0.75,0.6,0.667,0.5,0.889,0.667,0.643,1,1,1,1,1,0,1,0.33,0.33,1,0.196,NA,1,0.5,1,0.5,1,0,0,0,1,0,NA,31949777
"PSE","West Bank and Gaza","Middle East & North Africa","Lower middle income",2019,80,86.5666666666667,55.68125,69.9,60,70.4295833333333,0.8,1,0.597,1,0.518333333333333,0.477666666666667,0.9445,0.522,1,0.934,0.5,0.362,1,0.6,1,1,0,1,1,1,1,0.251,0.915,0.43,0.471,0.915,0.597,1,1,0.5,0.238,0.455,0.25,0.667,0.6,0.5,0.333,0.333,0.6,0.5,0.889,0.444,0.6,1,1,1,1,1,0.67,1,1,1,0.5,0.362,1,0,0.5,1,0.5,1,0,1,0,1,1,1,4685306
"IND","India","South Asia","Lower middle income",2019,80,87.9666666666667,59.99375,68.875,55,70.3670833333333,0.8,1,0.639,1,0.622666666666667,0.595166666666667,0.4445,0.7015,1,0.866,0.5,0.389,1,0.55,0,0,1,1,1,1,1,0.963,0.784,0.387,0.647,0.415,0.639,1,0.286,0.9,0.762,0.455,0.5,0.833,0.933,0.538,0.75,0.4,0.2,0.75,0.889,0.778,0.625,0,1,1,1,1,0.33,1,1,1,0.5,0.389,1,1,0.5,0.5,0.5,1,0,0,1,1,0,0,1366417754
"PER","Peru","Latin America & Caribbean","Upper middle income",2019,90,85.7666666666667,77.33125,51.1333333333333,40,68.84625,0.9,1,0.573,1,0.806833333333333,0.699666666666667,0.9445,0.7225,0.833333333333333,1,0,0.212,-99,0.4,-99,1,1,1,1,0.5,1,0.878,0.772,0.614,0.504,0.095,0.573,1,1,0.8,0.905,0.636,0.5,1,0.8,0.692,0.556,0.6,0.8,0.75,0.889,0.778,0.667,1,1,1,0.5,1,1,1,1,1,0,0.212,NA,1,0,1,0.5,0,0,0.5,0,1,0,NA,32510453
"SLV","El Salvador","Latin America & Caribbean","Lower middle income",2019,90,79.9333333333333,69.15,44.9333333333333,60,68.8033333333333,0.9,1,0.398,1,0.682166666666667,0.708,0.6945,0.667,0.333333333333333,0.334,1,0.13,0,0.6,0,1,1,1,1,0.5,1,0.415,0.781,0.32,0.472,0,0.398,1,0.857,0.556,0.85,0.455,0.375,1,0.933,0.615,0.75,0.6,0.6,0.75,0.889,0.667,0.667,0.5,0.5,0.5,0,1,0,0,0.67,0,1,0.13,0,1,1,1,0,1,0,1,0,1,0,0,6453553
"HRV","Croatia","Europe & Central Asia","High income",2019,80,50.7666666666667,57.2875,63.8666666666667,90,68.3841666666667,0.8,1,0.523,0,0.598,0.5645,0.5835,0.512,0.666666666666667,0.866,1,0.022,1,0.9,1,1,1,1,0,1,1,0.359,0.896,0.43,0.481,0.448,0.523,0,0.857,0.6,0.85,0.364,0.25,0.667,0.8,0.462,0.625,0.5,0.5,0.5,0.667,0.667,0.357,0.5,1,1,0,1,1,1,0.33,1,1,0.022,1,1,1,1,0.5,1,1,1,0.5,1,1,1,4067500
"AZE","Azerbaijan","Europe & Central Asia","Upper middle income",2019,80,64.6333333333333,60.98125,55.0916666666667,80,68.14125,0.8,0.5,0.439,1,0.622833333333333,0.568,0.6945,0.6115,0.666666666666667,0.334,1,0.203,-99,0.8,-99,0,1,1,1,1,0.5,0.934,0.398,0.52,0.343,0,0.439,1,0.429,0.667,0.81,0.545,0.286,1,0.8,0.5,0.625,0.4,0.333,0.75,0.889,0.556,0.667,0.5,1,1,0,1,0,0.67,0,0,1,0.203,NA,0.5,1,1,1,1,1,0.5,0,1,1,NA,10023318
"UGA","Uganda","Sub-Saharan Africa","Low income",2019,100,64.2,74.7875,33.8666666666667,65,67.5708333333333,1,0.5,0.426,1,0.799,0.643666666666667,0.9445,0.7105,0.666666666666667,0.666,0,0.022,1,0.65,0,1,1,1,1,1,0.5,0.271,0.806,0.354,0.627,0.071,0.426,1,1,0.875,0.714,0.455,0.75,1,0.8,0.462,0.25,0.6,1,0.75,0.889,0.778,0.643,1,1,0.5,0.5,1,0,1,1,0.33,0,0.022,1,1,0.5,0,0,1,1,1,1,1,0,0,44269594
"RWA","Rwanda","Sub-Saharan Africa","Low income",2019,100,72.4333333333333,69.61875,49.4083333333333,45,67.2920833333333,1,0.5,0.673,1,0.761166666666667,0.652166666666667,0.6945,0.635,0.833333333333333,1,0,0.143,-99,0.45,-99,1,1,1,1,1,0.5,0.589,0.963,0.325,0.542,0.943,0.673,1,0.857,0.778,0.762,0.545,0.625,1,0.8,0.538,0.625,0.6,0.6,0.75,0.889,0.556,0.714,0.5,1,0.5,1,1,1,1,1,1,0,0.143,NA,0.5,0.5,1,0.5,1,0,0,0,1,0,NA,12626950
"MNE","Montenegro","Europe & Central Asia","Upper middle income",2019,90,64.2666666666667,67.1125,58.7166666666667,55,67.0191666666667,0.9,0.5,0.428,1,0.703333333333333,0.560333333333333,0.9445,0.6335,0.666666666666667,0.6,1,0.082,-99,0.55,-99,1,1,1,0.5,1,0.5,0.752,0.41,0.26,0.717,0,0.428,1,1,0.7,0.857,0.455,0.375,0.833,0.6,0.462,0.75,0.5,0.8,0.25,0.889,0.667,0.6,1,1,1,0,1,0.33,1,0.67,0,1,0.082,NA,1,1,1,0.5,1,0,0,0,1,0,NA,622137
"URY","Uruguay","Latin America & Caribbean","High income",2019,100,83.9,65.99375,64.2333333333333,20,66.8254166666667,1,1,0.517,1,0.6175,0.6515,0.889,0.5835,0.833333333333333,0.6,1,0.136,1,0.2,1,1,1,1,1,1,1,0.907,0.357,0.341,0.5,0.481,0.517,1,0.857,0.6,0.762,0.636,0.25,0.6,0.8,0.692,0.75,0.5,0.667,0.5,0.778,0.667,0.5,1,1,1,0.5,1,0,1,1,0,1,0.136,1,0.5,0,0.5,0,0,0,0,0,1,0,1,3461734
"VNM","Vietnam","East Asia & Pacific","Lower middle income",2019,100,64,55.06875,75.725,35,65.95875,1,0.5,0.42,1,0.5745,0.564666666666667,0.4445,0.5435,1,0.8,1,0.229,-99,0.35,-99,1,1,1,1,1,0.5,0.557,0.697,0.551,0.293,0,0.42,1,0.571,0.8,0.571,0.455,0.25,0.8,0.8,0.538,0.75,0.6,0.2,0.5,0.889,0.444,0.643,0,1,1,1,1,0,1,1,1,1,0.229,NA,0.5,0.5,1,0.5,1,0,0,0,0,0,NA,96462106
"ARG","Argentina","Latin America & Caribbean","Upper middle income",2019,70,79.4666666666667,79.5875,58.925,35,64.5958333333333,0.7,1,0.384,1,0.7615,0.823666666666667,0.9445,0.667,0.5,0.732,1,0.125,0,0.35,1,0,1,1,0.5,1,1,0.793,0.177,0.382,0.566,0,0.384,1,1,0.9,0.95,0.636,0.25,0.833,1,0.692,0.75,0.5,1,1,0.889,0.667,0.667,1,1,0.5,0,1,0.33,1,1,0.33,1,0.125,0,1,0,0.5,0,1,0,1,0,0,0,1,44938712
"KWT","Kuwait","Middle East & North Africa","High income",2019,100,66.3333333333333,51.65625,63.125,40,64.2229166666667,1,0.5,0.49,1,0.5335,0.510666666666667,0.528,0.472,0.5,0.8,1,0.225,1,0.4,1,1,1,1,1,1,0.5,0.821,0.896,0.269,0.462,0,0.49,1,0.429,0.667,0.8,0.455,0.25,0.6,1,0.231,0.5,0.333,0.5,0.5,0.556,0.444,0.5,0.5,1,0,0.5,0.67,1,1,0.33,1,1,0.225,1,0.5,0.5,0.5,0.5,1,0,0,0,1,0,1,4207083
"TUN","Tunisia","Middle East & North Africa","Lower middle income",2019,90,85.6666666666667,64.8625,49.8083333333333,30,64.0675,0.9,1,0.57,1,0.701333333333333,0.593,0.6945,0.6115,0.333333333333333,0.534,1,0.125,0,0.3,1,0.5,1,1,1,1,1,0.55,0.889,0.535,0.43,0.444,0.57,1,0.857,0.8,0.81,0.455,0.286,1,0.8,0.308,0.75,0.6,0.6,0.5,0.889,0.556,0.667,0.5,1,0,0,0.67,0,1,1,0,1,0.125,0,0.5,0.5,1,0,0,0,0,0,1,0,1,11694719
"DOM","Dominican Republic","Latin America & Caribbean","Upper middle income",2019,100,65.6,59.95625,34.1416666666667,60,63.9395833333333,1,0.5,0.468,1,0.6625,0.558,0.4445,0.6905,0.666666666666667,0.6,0,0.099,0,0.6,0,1,1,1,1,1,0.5,0.811,0.763,0.244,0.524,0,0.468,1,0.571,0.556,0.95,0.636,0.429,0.833,0.933,0.615,0.5,0.6,0.2,0.5,0.889,0.667,0.714,0,1,1,0,1,0,1,1,0,0,0.099,0,1,1,1,0,1,0,1,0,1,0,0,10738958
"MMR","Myanmar","East Asia & Pacific","Lower middle income",2019,100,67.0666666666667,73.80625,42.9416666666667,35,63.7629166666667,1,0.5,0.512,1,0.755166666666667,0.645833333333333,0.9445,0.757,0.666666666666667,0.734,0,0.317,-99,0.35,-99,1,1,1,1,1,0.5,0.586,0.867,0.656,0.452,0,0.512,1,1,0.889,0.762,0.455,0.625,0.8,0.8,0.692,0.75,0.333,0.8,0.5,0.889,0.889,0.625,1,1,1,0,1,0,1,1,0.67,0,0.317,NA,0,0.5,0,0.5,0,0,0.5,1,1,0,NA,54045420
"SEN","Senegal","Sub-Saharan Africa","Lower middle income",2019,80,81.0333333333333,66.91875,39.9166666666667,50,63.57375,0.8,1,0.431,1,0.719833333333333,0.610833333333333,0.6945,0.667,0.666666666666667,0.734,0,0.196,1,0.5,0,0,1,1,1,1,1,0.071,0.91,0.253,0.528,0.395,0.431,1,0.571,0.8,0.762,0.636,0.75,0.8,0.8,0.615,0.75,0.4,0.6,0.5,0.889,0.667,0.667,0.5,1,1,0,1,1,0.67,0.67,0.33,0,0.196,1,1,0.5,0.5,0,1,0,0,1,1,0,0,16296364
"SAU","Saudi Arabia","Middle East & North Africa","High income",2019,80,60.7333333333333,47.21875,78.975,50,63.3854166666667,0.8,0.5,0.322,1,0.415833333333333,0.51,0.5835,0.4165,1,0.868,1,0.291,1,0.5,1,1,0,1,1,1,0.5,0.52,0.538,0.263,0.288,0,0.322,1,0.286,0.333,0.762,0.364,0.25,0.5,0.8,0.385,0.375,0.333,0.667,0.5,0.667,0.333,0.5,0.5,1,1,1,1,0.67,1,0.67,1,1,0.291,1,1,0.5,1,0.5,1,0,0,1,0,0,1,34268528
"QAT","Qatar","Middle East & North Africa","High income",2019,100,61.9666666666667,47.325,60.7666666666667,45,63.0116666666667,1,0.5,0.359,1,0.435833333333333,0.498333333333333,0.528,0.4555,0.666666666666667,0.6,1,0.164,1,0.45,1,1,1,1,1,1,0.5,0.305,0.849,0.141,0.5,0,0.359,1,0.286,0.25,0.762,0.4,0.25,0.667,0.8,0.231,0.625,0.167,0.667,0.5,0.556,0.444,0.467,0.5,1,0,1,0.33,0,1,0.67,1,1,0.164,1,0.5,0.5,0.5,1,1,0,0,0,1,0,1,2832067
"BOL","Bolivia","Latin America & Caribbean","Lower middle income",2019,100,68.5333333333333,70.38125,54.3666666666667,20,62.65625,1,0.5,0.556,1,0.7475,0.657,0.6945,0.7225,0.666666666666667,0.734,0.5,0.274,0,0.2,0,1,1,1,1,1,0.5,0.76,0.849,0.741,0.43,0,0.556,1,0.857,0.8,0.95,0.545,0.5,0.833,0.933,0.615,0.444,0.6,0.6,0.75,0.889,0.778,0.667,0.5,1,1,0,1,0.67,1,0.67,0.33,0.5,0.274,0,0.5,0,0.5,0,0,0,0,0,1,0,0,11513100
"JOR","Jordan","Middle East & North Africa","Upper middle income",2019,80,80.8333333333333,71.29375,47.925,30,62.0104166666667,0.8,1,0.425,1,0.700333333333333,0.652166666666667,0.9445,0.7015,0.5,0.6,0.5,0.317,1,0.3,0,0,1,1,1,1,1,0.42,0.915,0.453,0.336,0,0.425,1,0.714,0.667,0.81,0.636,0.375,1,0.8,0.538,0.625,0.4,0.8,0.75,0.889,0.778,0.625,1,1,0.5,0,1,0,1,1,0,0.5,0.317,1,0,0.5,1,0,0,0,0,0.5,1,0,0,10101694
"GHA","Ghana","Sub-Saharan Africa","Lower middle income",2019,100,61.2666666666667,65.1125,33.6,50,61.9958333333333,1,0.5,0.338,1,0.693,0.645166666666667,0.6945,0.5,0.5,0.534,0,0.31,-99,0.5,-99,1,1,1,1,1,0.5,0.167,0.867,0.206,0.452,0,0.338,1,0.857,0.667,0.714,0.545,0.375,1,0.933,0.538,0.5,0.6,0.8,0.5,0.889,0.333,0.667,0.5,1,0,0.5,1,0,0.67,1,0,0,0.31,NA,1,0.5,1,0,1,0,0.5,0,1,0,NA,30417856
"ZWE","Zimbabwe","Sub-Saharan Africa","Lower middle income",2019,90,59.9333333333333,70.2375,43.0916666666667,45,61.6525,0.9,0.5,0.298,1,0.669666666666667,0.651666666666667,0.9445,0.7105,0.666666666666667,0.8,0,0.257,1,0.45,0,0.5,1,1,1,1,0.5,0.177,0.697,0.268,0.349,0,0.298,1,0.857,0.75,0.714,0.364,0.5,0.833,0.8,0.385,0.375,0.6,1,0.75,0.889,0.778,0.643,1,1,0,1,1,1,1,1,0,0,0.257,1,0.5,0.5,0.5,0.5,1,0,0,0.5,1,0,0,14645468
"BIH","Bosnia and Herzegovina","Europe & Central Asia","Upper middle income",2019,80,60.6666666666667,58.1375,47.3833333333333,60,61.2375,0.8,0.5,0.32,1,0.583166666666667,0.619166666666667,0.4445,0.5995,0.333333333333333,0.534,1,0.028,1,0.6,1,0,1,1,1,1,0.5,0.081,0.826,0.269,0.424,0,0.32,1,0.429,0.556,0.9,0.364,0.25,1,0.8,0.615,0.75,0.4,0.4,0.75,0.889,0.556,0.643,0,1,0,0,1,0,1,0.67,0,1,0.028,1,0.5,1,1,0,1,0,1,0.5,1,0,1,3301000
"HND","Honduras","Latin America & Caribbean","Lower middle income",2019,90,62.3666666666667,66.85625,46.6583333333333,40,61.17625,0.9,0.5,0.371,1,0.633833333333333,0.695166666666667,0.6945,0.667,0.333333333333333,0.8,0.5,0.233,0,0.4,0,1,1,1,1,0.5,0.5,0.658,0.425,0.253,0.519,0,0.371,1,0.714,0.444,0.85,0.545,0.25,1,0.933,0.538,0.75,0.6,0.6,0.75,0.889,0.667,0.667,0.5,1,0,0,1,1,1,1,0,0.5,0.233,0,0.5,0,0.5,0,1,0,1,0,1,0,0,9746117
"PRY","Paraguay","Latin America & Caribbean","Upper middle income",2019,70,63.0666666666667,76.43125,40.7833333333333,55,61.05625,0.7,0.5,0.392,1,0.791666666666667,0.655333333333333,0.9445,0.829,0.833333333333333,0.668,0,0.13,0,0.55,0,1,0,1,1,0.5,0.5,0.198,0.872,0.232,0.49,0.167,0.392,1,1,0.8,0.905,0.545,0.5,1,0.8,0.615,0.75,0.6,0.667,0.5,0.889,0.889,0.769,1,1,0.5,1,1,0,1,0.67,0.67,0,0.13,0,1,0.5,0.5,0,1,0,1,0.5,1,0,0,7044636
"GTM","Guatemala","Latin America & Caribbean","Upper middle income",2019,80,62.1,73.93125,54.1333333333333,35,61.0329166666667,0.8,0.5,0.363,1,0.774,0.630333333333333,0.9445,0.757,0.333333333333333,0.668,1,0.164,0,0.35,0,0,1,1,1,1,0.5,0.567,0.617,0.213,0.421,0,0.363,1,0.714,0.778,0.857,0.545,0.75,1,0.8,0.615,0.667,0.4,0.8,0.5,0.889,0.889,0.625,1,1,0,0,0.67,1,1,0.67,0,1,0.164,0,0.5,1,0.5,0.5,0,0,0,0,1,0,0,16604026
"TGO","Togo","Sub-Saharan Africa","Low income",2019,90,59.8333333333333,68.54375,41.025,45,60.8804166666667,0.9,0.5,0.295,1,0.7185,0.601833333333333,0.9445,0.578,1,0.466,0,0.175,1,0.45,0,0.5,1,1,1,1,0.5,0.244,0.62,0.296,0.314,0,0.295,1,1,0.889,0.667,0.455,0.5,0.8,0.8,0.286,0.625,0.6,0.8,0.5,0.889,0.556,0.6,1,1,1,1,1,0,0.33,1,0,0,0.175,1,1,0,1,0.5,1,0,0,0,1,0,0,8082366
"PAK","Pakistan","South Asia","Lower middle income",2019,100,60.9666666666667,73.29375,39.1166666666667,30,60.6754166666667,1,0.5,0.329,1,0.7525,0.690333333333333,0.9445,0.5905,0.666666666666667,0.6,0,0.298,1,0.3,1,1,1,1,1,1,0.5,0,0.889,0.288,0.468,0,0.329,1,1,0.889,0.762,0.364,0.5,1,0.8,0.692,0.75,0.6,0.8,0.5,0.889,0.556,0.625,1,1,1,0,1,0,1,1,0,0,0.298,1,1,0,1,0,0,0,0,0,1,0,1,216565318
"ARE","United Arab Emirates","Middle East & North Africa","High income",2019,100,36.8666666666667,42.2375,54.2416666666667,65,59.6691666666667,1,0.5,0.606,0,0.434333333333333,0.442666666666667,0.222,0.526,0.666666666666667,0.266,1,0.237,1,0.65,1,1,1,1,1,1,0.5,0.756,0.756,0.457,0.378,0.684,0.606,0,0.286,0.444,0.762,0.364,0.25,0.5,0.8,0.231,0.625,0.333,0.167,0.5,0.444,0.667,0.385,0,1,1,0,0,0,1,0.33,0,1,0.237,1,0.5,0.5,1,0.5,1,0,1,1,1,0,1,9770529
"PAN","Panama","Latin America & Caribbean","High income",2019,80,62.8,65.20625,59.9166666666667,30,59.5845833333333,0.8,0.5,0.384,1,0.681666666666667,0.631166666666667,0.6945,0.5835,0.666666666666667,0.466,1,0.264,1,0.3,0,1,0,1,1,1,0.5,0.532,0.763,0.163,0.461,0,0.384,1,0.857,0.7,0.905,0.545,0.25,0.833,0.8,0.462,0.625,0.6,0.8,0.5,0.889,0.667,0.5,0.5,1,1,0,1,0,1,0.33,0,1,0.264,1,0.5,1,0.5,0,0,0,0,0,1,0,0,4246439
"MAR","Morocco","Middle East & North Africa","Lower middle income",2019,60,88.4,68.15625,28.525,50,59.01625,0.6,1,0.652,1,0.708333333333333,0.564166666666667,0.9445,0.6905,0.5,0.466,0,0.175,0,0.5,1,0,0,1,1,1,1,0.461,0.933,0.467,0.467,0.933,0.652,1,0.714,0.8,0.905,0.545,0.286,1,0.8,0.385,0.5,0.4,0.8,0.5,0.889,0.667,0.714,1,1,0,0.5,1,0,0,0.33,1,0,0.175,0,1,0,0.5,0.5,1,1,0,0,1,0,1,36471769
"ZMB","Zambia","Sub-Saharan Africa","Lower middle income",2019,90,57.8,70.4625,36.8083333333333,40,59.0141666666667,0.9,0.5,0.234,1,0.720666666666667,0.643666666666667,0.9445,0.5995,0.333333333333333,0.8,0,0.339,-99,0.4,-99,0.5,1,1,1,1,0.5,0.037,0.583,0.153,0.329,0.067,0.234,1,1,0.875,0.619,0.455,0.375,1,0.8,0.462,0.5,0.6,1,0.5,0.889,0.556,0.643,1,1,0,0,1,1,1,1,0,0,0.339,NA,1,0.5,0.5,0,1,0,0,0,1,0,NA,17861030
"BLZ","Belize","Latin America & Caribbean","Upper middle income",2019,80,62.2666666666667,55.76875,65.7416666666667,30,58.7554166666667,0.8,0.5,0.368,1,0.596333333333333,0.527333333333333,0.4445,0.646,0.666666666666667,0.666,1,0.297,1,0.3,0,0,1,1,1,1,0.5,0.304,0.782,0.269,0.485,0,0.368,1,0.286,0.667,0.905,0.545,0.375,0.8,0.933,0.615,0.333,0.333,0.2,0.75,0.889,0.667,0.625,0,1,1,0,1,0,1,1,0.33,1,0.297,1,0.5,0,0.5,0,1,0,0,0,1,0,0,390353
"OMN","Oman","Middle East & North Africa","High income",2019,100,44.4,44.05625,64.225,40,58.53625,1,0.5,0.832,0,0.516666666666667,0.381333333333333,0.3335,0.497,1,0.334,1,0.235,1,0.4,1,1,1,1,1,1,0.5,0.867,0.867,0.83,0.729,0.867,0.832,0,0.143,0.7,0.81,0.364,0.25,0.833,0.8,0.154,0.5,0.167,0.167,0.5,0.667,0.556,0.438,0,1,1,1,1,0,0,0.67,0,1,0.235,1,0.5,0.5,0.5,0.5,1,0,0,0,1,0,1,4974986
"CHN","China","East Asia & Pacific","Upper middle income",2019,83.4,46.4,59.675,36.6166666666667,65,58.2183333333333,0.834,1,0.392,0,0.597833333333333,0.625,0.6945,0.411,0.666666666666667,0.4,0,0.398,1,0.65,1,1,1,0.67,1,0.5,1,0,0.889,0.647,0.426,0,0.392,0,0.714,0.6,0.75,0.273,0.25,1,0.8,0.308,0.625,0.6,0.667,0.75,0.889,0.222,0.6,0.5,1,1,0,1,0,0.67,0.33,0,0,0.398,1,1,0.5,1,1,1,0,0.5,0.5,1,0,1,1397715000
"TZA","Tanzania","Sub-Saharan Africa","Lower middle income",2019,76.6,60.7,68.78125,39.275,45,58.07125,0.766,0.5,0.321,1,0.714666666666667,0.5935,0.9445,0.6335,0.5,0.868,0,0.203,1,0.45,1,0.5,1,0.33,1,1,0.5,0.105,0.771,0.343,0.386,0,0.321,1,0.857,0.9,0.667,0.364,0.5,1,0.8,0.286,0.375,0.6,1,0.5,0.889,0.667,0.6,1,1,0.5,0,1,1,0.67,1,0.67,0,0.203,1,0.5,0.5,0.5,0,1,1,0,0,1,0,1,58005463
"BGD","Bangladesh","South Asia","Lower middle income",2019,90,61.6,68.975,44.775,25,58.07,0.9,0.5,0.348,1,0.7205,0.6535,0.6945,0.7015,0.5,0.666,0.5,0.125,0,0.25,1,0.5,1,1,1,1,0.5,0.113,0.896,0.183,0.546,0,0.348,1,0.714,0.889,0.8,0.545,0.375,1,0.933,0.538,0.5,0.6,0.6,0.75,0.889,0.778,0.625,0.5,1,0.5,0,1,0,1,1,0.33,0.5,0.125,0,0.5,0,1,0,0,0,0,0,1,0,1,163046161
"FJI","Fiji","East Asia & Pacific","Upper middle income",2019,80,59.5,52.9375,50.5666666666667,45,57.6008333333333,0.8,0.5,0.285,1,0.512166666666667,0.501333333333333,0.6945,0.5,0.666666666666667,0.334,1,0.022,-99,0.45,-99,0.5,1,1,0.5,1,0.5,0.19,0.649,0.311,0.277,0,0.285,1,0.571,0.444,0.81,0.273,0.375,0.6,0.867,0.308,0.333,0.4,0.6,0.5,0.889,0.333,0.667,0.5,1,1,0,1,0,0.67,0,0,1,0.022,NA,1,0.5,1,0,1,0,0,0,1,0,NA,889953
"BWA","Botswana","Sub-Saharan Africa","Upper middle income",2019,60,66.5666666666667,65.3875,54.7916666666667,40,57.3491666666667,0.6,0.5,0.497,1,0.634666666666667,0.609,0.9445,0.5555,0.666666666666667,0.4,1,0.125,1,0.4,1,0.5,0,1,1,0.5,0.5,0.037,0.859,0.34,0.448,0.798,0.497,1,0.857,0.7,0.762,0.364,0.125,1,0.8,0.462,0.375,0.6,0.667,0.75,0.889,0.444,0.667,1,1,1,0,1,0,0,0.67,0.33,1,0.125,1,0.5,0,1,0.5,1,0,0,0,1,0,1,2303697
"WSM","Samoa","East Asia & Pacific","Upper middle income",2019,90,63.5,50.41875,36.3166666666667,45,57.0470833333333,0.9,0.5,0.405,1,0.472833333333333,0.4735,0.6945,0.5,0.666666666666667,0.534,0,0.252,1,0.45,1,0.5,1,1,1,1,0.5,0.302,0.896,0.216,0.43,0.18,0.405,1,0.429,0.556,0.571,0.364,0.25,0.667,0.8,0.308,0.333,0.4,0.5,0.5,0.889,0.333,0.667,0.5,1,1,0,1,0,0.67,0.67,0.33,0,0.252,1,0.5,0.5,0.5,0,1,0,0.5,0.5,1,0,1,197097
"NER","Niger","Sub-Saharan Africa","Low income",2019,90,61.9666666666667,60.8375,37.275,35,57.0158333333333,0.9,0.5,0.359,1,0.611166666666667,0.4995,0.9445,0.5905,0.5,0.668,0,0.323,1,0.35,0,0.5,1,1,1,1,0.5,0.183,0.867,0.259,0.485,0,0.359,1,0.714,0.778,0.762,0.455,0.125,0.833,0.8,0.231,0.333,0.333,0.8,0.5,0.889,0.556,0.625,1,1,0.5,0,1,0.67,0.67,1,0,0,0.323,1,0.5,0,0.5,0,1,0,0,0.5,1,0,0,23310715
"IRN","Iran, Islamic Rep.","Middle East & North Africa","Upper middle income",2019,80,59.8,51.625,57.0166666666667,35,56.6883333333333,0.8,0.5,0.294,1,0.570666666666667,0.509666666666667,0.4445,0.4445,0.666666666666667,0.4,1,0.214,1,0.35,1,1,0,1,1,1,0.5,0.16,0.754,0.137,0.421,0,0.294,1,0.429,0.444,0.81,0.455,0.286,1,0.8,0.308,0.75,0.5,0.2,0.5,0.889,0.222,0.667,0,1,1,0,1,0,1,0,0,1,0.214,1,0.5,0.5,0.5,0.5,1,0,0.5,0,0,0,1,82913906
"MWI","Malawi","Sub-Saharan Africa","Low income",2019,90,61.2333333333333,66.54375,34.675,30,56.4904166666667,0.9,0.5,0.337,1,0.713,0.5615,0.9445,0.5555,0.5,0.734,0,0.153,-99,0.3,-99,0.5,1,1,1,1,0.5,0.207,0.599,0.225,0.315,0.339,0.337,1,1,0.9,0.714,0.364,0.5,0.8,0.933,0.286,0.25,0.6,0.8,0.5,0.889,0.444,0.667,1,1,0.5,0,1,0,0.67,1,1,0,0.153,NA,1,0.5,0.5,0,0,0,0,0,1,0,NA,18628747
"MOZ","Mozambique","Sub-Saharan Africa","Low income",2019,80,57.6333333333333,67.39375,36.175,40,56.2404166666667,0.8,0.5,0.229,1,0.654166666666667,0.605833333333333,0.9445,0.667,1,0.268,0,0.179,-99,0.4,-99,0.5,1,1,1,0.5,0.5,0.132,0.617,0.061,0.334,0,0.229,1,0.714,0.8,0.714,0.364,0.5,0.833,0.8,0.385,0.75,0.4,0.8,0.5,0.889,0.667,0.667,1,1,1,1,0.67,0,0,0.67,0,0,0.179,NA,1,0.5,0.5,0,1,0,0,0,1,0,NA,30366036
"KHM","Cambodia","East Asia & Pacific","Lower middle income",2019,70,59.2,60.4375,46.375,45,56.2025,0.7,0.5,0.276,1,0.549166666666667,0.638,0.6945,0.579,1,0.734,0,0.121,1,0.45,0,0,1,1,1,0.5,0.5,0.205,0.572,0.262,0.338,0,0.276,1,0.571,0.444,0.7,0.455,0.125,1,0.933,0.462,0.75,0.333,0.6,0.75,0.889,0.444,0.714,0.5,1,1,1,1,0,0.67,1,1,0,0.121,1,0.5,0,0.5,0,1,0,0,0.5,1,1,0,16486542
"CIV","Cote d'Ivoire","Sub-Saharan Africa","Lower middle income",2019,90,59.9,68.475,37.1666666666667,25,56.1083333333333,0.9,0.5,0.297,1,0.733666666666667,0.612166666666667,0.6945,0.746,0.666666666666667,0.734,0,0.086,1,0.25,0,0.5,1,1,1,1,0.5,0.171,0.612,0.353,0.348,0,0.297,1,0.857,0.667,0.762,0.545,0.571,1,0.933,0.615,0.625,0.4,0.6,0.5,0.889,0.778,0.714,0.5,1,1,0,1,0.33,1,0.67,0.67,0,0.086,1,0.5,0.5,0.5,0,0,0,0,0,1,0,0,25716544
"TJK","Tajikistan","Europe & Central Asia","Low income",2019,90,31.3666666666667,65.49375,41.9416666666667,50,55.7604166666667,0.9,0.5,0.441,0,0.6655,0.557,0.9445,0.6275,0.666666666666667,0.468,0.5,0.043,1,0.5,0,0.5,1,1,1,1,0.5,0.389,0.542,0.439,0.387,0.448,0.441,0,1,0.625,0.762,0.273,0.5,0.833,0.8,0.286,0.556,0.4,0.8,0.5,0.889,0.667,0.588,1,1,1,0,1,0,0.67,0.67,0,0.5,0.043,1,0.5,1,0,1,1,0,0,0.5,1,0,0,9321018
"LSO","Lesotho","Sub-Saharan Africa","Lower middle income",2019,80,63.2666666666667,53.19375,39.6666666666667,40,55.2254166666667,0.8,0.5,0.398,1,0.578166666666667,0.451333333333333,0.4445,0.7225,0.666666666666667,0.734,0,0.186,-99,0.4,-99,0,1,1,1,1,0.5,0.228,0.782,0.396,0.583,0,0.398,1,0.429,0.778,0.667,0.545,0.25,0.8,0.8,0.308,0.5,0.4,0.2,0.5,0.889,0.778,0.667,0,1,1,0,1,1,0.67,1,0,0,0.186,NA,0.5,0.5,0.5,0,1,0,0,0.5,1,0,NA,2125268
"DZA","Algeria","Middle East & North Africa","Lower middle income",2019,70,60.1333333333333,57.3625,48.25,40,55.1491666666667,0.7,0.5,0.304,1,0.484,0.610333333333333,0.6945,0.6115,0.5,0.266,1,0.164,1,0.4,1,0,1,1,0.5,1,0.5,0.099,0.68,0.317,0.402,0.024,0.304,1,0.429,0.444,0.75,0.364,0.25,0.667,0.8,0.462,0.75,0.4,0.5,0.75,0.889,0.556,0.667,0.5,0.5,0,1,0,0,0.33,1,0,1,0.164,1,0.5,1,0.5,0,1,0,0,0,1,0,1,43053054
"AGO","Angola","Sub-Saharan Africa","Lower middle income",2019,80,57.3,68.5625,28.8666666666667,40,54.9458333333333,0.8,0.5,0.219,1,0.691166666666667,0.636,0.9445,0.559,0.666666666666667,0.466,0,0.022,-99,0.4,-99,0.5,1,1,1,0.5,0.5,0.076,0.546,0.221,0.254,0,0.219,1,0.857,0.778,0.667,0.545,0.5,0.8,0.933,0.308,0.625,0.4,0.8,0.75,0.889,0.556,0.562,1,1,0,1,1,0,0,1,0.33,0,0.022,NA,0.5,0,1,0.5,1,0,0,0,1,0,NA,31825295
"UZB","Uzbekistan","Europe & Central Asia","Lower middle income",2019,70,56,50.125,33.425,65,54.91,0.7,0.5,0.18,1,0.52,0.505833333333333,0.4445,0.488,0,0.266,1,0.071,1,0.65,1,0,1,1,1,0.5,0.5,0.119,0.45,0.183,0.151,0,0.18,1,0.286,0.75,0.762,0.364,0.125,0.833,0.8,0.385,0.75,0.4,0.2,0.5,0.889,0.333,0.643,0,0,0,0,1,0,0,0,0.33,1,0.071,1,0.5,1,1,0.5,1,0,0.5,1,1,0,1,33580650
"CPV","Cabo Verde","Sub-Saharan Africa","Lower middle income",2019,80,59.3333333333333,59.59375,54.4166666666667,20,54.66875,0.8,0.5,0.28,1,0.595833333333333,0.595166666666667,0.6945,0.5,0.666666666666667,0.4,1,0.11,1,0.2,1,0,1,1,1,1,0.5,0.393,0.314,0.25,0.443,0,0.28,1,0.857,0.556,0.857,0.455,0.25,0.6,0.8,0.538,0.333,0.4,0.5,1,0.889,0.333,0.667,0.5,1,1,0,0.67,0,1,0,0.33,1,0.11,1,0.5,0,0,0,0,0,0.5,0,1,0,1,549935
"JAM","Jamaica","Latin America & Caribbean","Upper middle income",2019,60,73.7333333333333,52.88125,56.6,30,54.6429166666667,0.6,0.5,0.712,1,0.533833333333333,0.505833333333333,0.4445,0.667,0.5,0.6,1,0.164,0,0.3,0,0,0,1,1,1,0.5,0.599,0.91,0.609,0.604,0.838,0.712,1,0.286,0.444,0.81,0.455,0.375,0.833,0.8,0.385,0.5,0.4,0.2,0.75,0.889,0.667,0.667,0,1,0.5,0,1,0,1,1,0,1,0.164,0,0.5,0,0.5,0,1,0,0,0,1,0,0,2948279
"KEN","Kenya","Sub-Saharan Africa","Lower middle income",2019,70,60.4666666666667,61.43125,35.7916666666667,45,54.5379166666667,0.7,0.5,0.314,1,0.618833333333333,0.5655,0.6945,0.667,0.666666666666667,0.534,0,0.231,-99,0.45,-99,0,1,1,1,0.5,0.5,0.052,0.886,0.15,0.485,0,0.314,1,0.857,0.7,0.667,0.364,0.125,1,0.933,0.385,0.375,0.4,0.8,0.5,0.889,0.667,0.667,0.5,1,0,1,1,0,0.67,1,0,0,0.231,NA,1,0.5,0.5,0,0,0,1,0.5,1,0,NA,52573973
"BHR","Bahrain","Middle East & North Africa","High income",2019,90,64.2666666666667,41.6,46.4666666666667,30,54.4666666666667,0.9,0.5,0.428,1,0.4305,0.4455,0.278,0.422,0.666666666666667,0.066,1,0.126,-99,0.3,-99,1,1,1,1,0.5,0.5,0.604,0.783,0.314,0.439,0,0.428,1,0.143,0.375,0.8,0.455,0.143,0.667,1,0.214,0.375,0.167,0.167,0.75,0.556,0.444,0.4,0,1,1,0,0.33,0,0,0,0,1,0.126,NA,0.5,0.5,0.5,0,1,0,0,0.5,0,0,NA,1641172
"LAO","Lao PDR","East Asia & Pacific","Lower middle income",2019,90,56.6333333333333,53.39375,40.5333333333333,30,54.1120833333333,0.9,0.5,0.199,1,0.586166666666667,0.467166666666667,0.4445,0.667,0.833333333333333,0.6,0,0.188,-99,0.3,-99,0.5,1,1,1,1,0.5,0.037,0.576,0.037,0.345,0,0.199,1,0.286,0.625,0.762,0.636,0.375,0.833,0.933,0.462,0.375,0.333,0.2,0.5,0.889,0.667,0.667,0,1,1,0.5,1,0,1,1,0,0,0.188,NA,1,0.5,0,0.5,0,0,0,0,1,0,NA,7169455
"BFA","Burkina Faso","Sub-Saharan Africa","Low income",2019,80,59.5666666666667,62.025,31.525,35,53.6233333333333,0.8,0.5,0.287,1,0.605666666666667,0.566833333333333,0.9445,0.5,0.5,0.532,0,0.229,-99,0.35,-99,0,1,1,1,1,0.5,0.019,0.763,0.273,0.381,0,0.287,1,0.714,0.778,0.762,0.455,0.125,0.8,0.8,0.385,0.333,0.333,0.8,0.75,0.889,0.333,0.667,1,1,0.5,0,1,0.33,0.33,0.67,0.33,0,0.229,NA,0.5,0,1,0,1,0,0,0,1,0,NA,20321378
"ETH","Ethiopia","Sub-Saharan Africa","Low income",2019,90,59.9666666666667,71.4125,31.6166666666667,15,53.5991666666667,0.9,0.5,0.299,1,0.773166666666667,0.6125,0.9445,0.6115,0.166666666666667,0.934,0,0.164,-99,0.15,-99,0.5,1,1,1,1,0.5,0,0.726,0.273,0.494,0,0.299,1,1,0.9,0.75,0.364,0.625,1,0.933,0.286,0.556,0.6,0.8,0.5,0.889,0.556,0.667,1,0.5,0,0,1,1,1,0.67,1,0,0.164,NA,0.5,0.5,0,0,0,0,0,0.5,0,0,NA,112078730
"NGA","Nigeria","Sub-Saharan Africa","Lower middle income",2019,80,62.4,54.84375,30.6333333333333,40,53.5754166666667,0.8,0.5,0.372,1,0.591833333333333,0.499166666666667,0.4445,0.67,0.333333333333333,0.532,0,0.36,-99,0.4,-99,0,1,1,1,1,0.5,0.214,0.867,0.339,0.439,0,0.372,1,0.286,0.778,0.714,0.273,0.5,1,0.8,0.462,0.333,0.5,0.4,0.5,0.889,0.778,0.562,0,0.5,0.5,0,1,0.33,0.33,1,0,0,0.36,NA,1,0.5,1,0.5,0,0,0,0,1,0,NA,200963599
"NPL","Nepal","South Asia","Lower middle income",2019,80,61.3333333333333,68.0375,38.4583333333333,20,53.5658333333333,0.8,0.5,0.34,1,0.740833333333333,0.554833333333333,0.9445,0.6115,0.833333333333333,0.666,0,0.039,0,0.2,0,0,1,1,1,1,0.5,0.048,0.83,0.269,0.555,0,0.34,1,0.714,0.889,0.762,0.455,0.625,1,0.8,0.385,0.444,0.4,0.8,0.5,0.889,0.556,0.667,1,1,1,0.5,1,0,1,1,0.33,0,0.039,0,0.5,0,0.5,0,0,0,0,0,1,0,0,28608710
"CMR","Cameroon","Sub-Saharan Africa","Lower middle income",2019,80,61.5666666666667,64.525,26.2916666666667,35,53.4766666666667,0.8,0.5,0.347,1,0.579166666666667,0.6155,0.9445,0.6335,0.166666666666667,0.6,0,0.285,0,0.35,0,0.5,1,1,1,0.5,0.5,0.207,0.843,0.296,0.391,0,0.347,1,0.714,0.667,0.714,0.455,0.125,0.8,0.8,0.385,0.375,0.333,0.8,1,0.889,0.667,0.6,1,0.5,0,0,1,0,0.33,1,0.67,0,0.285,0,0.5,0,1,0,1,0,0,0,1,0,0,25876380
"MDV","Maldives","South Asia","Upper middle income",2019,70,29.8666666666667,65.4875,49.1333333333333,50,52.8975,0.7,0.5,0.396,0,0.721,0.532166666666667,0.889,0.5905,0.333333333333333,0.468,1,0.164,1,0.5,0,0,1,1,1,0.5,0.5,0.641,0.763,0.142,0.433,0,0.396,0,1,0.375,0.857,0.636,0.625,0.833,0.8,0.385,0.375,0.333,0.8,0.5,0.778,0.556,0.625,1,1,0,0,1,0,0,0.67,0.67,1,0.164,1,0.5,0.5,1,0.5,1,0,0.5,0,1,0,0,530953
"SLE","Sierra Leone","Sub-Saharan Africa","Low income",2019,90,65.2333333333333,62.05,26.6083333333333,20,52.7783333333333,0.9,0.5,0.457,1,0.669166666666667,0.513166666666667,0.6945,0.7225,0.333333333333333,0.466,0,0.265,0,0.2,0,0.5,1,1,1,1,0.5,0,0.83,0.391,0.651,0.415,0.457,1,0.714,0.667,0.714,0.545,0.375,1,0.8,0.357,0.222,0.6,0.6,0.5,0.889,0.778,0.667,0.5,1,0,0,1,0,0.33,1,0,0,0.265,0,0.5,0,0.5,0,0,0,0,0,1,0,0,7813215
"NAM","Namibia","Sub-Saharan Africa","Upper middle income",2019,70,63.0666666666667,65.4625,32.5416666666667,30,52.2141666666667,0.7,0.5,0.392,1,0.6215,0.635333333333333,0.9445,0.522,0.666666666666667,0.4,0,0.235,-99,0.3,-99,0.5,1,0,1,1,0.5,0.316,0.745,0.415,0.485,0,0.392,1,0.857,0.7,0.667,0.455,0.25,0.8,0.8,0.462,0.5,0.5,0.8,0.75,0.889,0.444,0.6,1,1,1,0,0.67,0,1,0.33,0,0,0.235,NA,0.5,0.5,0.5,0.5,0,0,0,0,1,0,NA,2494530
"BTN","Bhutan","South Asia","Lower middle income",2019,80,59.2333333333333,67.78125,37.9416666666667,15,51.99125,0.8,0.5,0.277,1,0.7145,0.585166666666667,0.9445,0.579,0.666666666666667,0.534,0,0.317,0,0.15,1,1,0,1,1,1,0.5,0.042,0.793,0.098,0.452,0,0.277,1,1,0.667,0.7,0.545,0.375,1,0.933,0.286,0.375,0.5,0.667,0.75,0.889,0.444,0.714,1,1,1,0,1,0,1,0.67,0,0,0.317,0,0.5,0,0,0,0,0,0,0,1,0,1,763092
"MDG","Madagascar","Sub-Saharan Africa","Low income",2019,90,56.3,62.59375,21.0083333333333,30,51.9804166666667,0.9,0.5,0.189,1,0.645666666666667,0.588166666666667,0.6945,0.6115,0.333333333333333,0.468,0,0.039,1,0.3,0,0.5,1,1,1,1,0.5,0,0.512,0.194,0.238,0,0.189,1,0.571,0.778,0.714,0.636,0.375,0.8,0.933,0.538,0.625,0.333,0.6,0.5,0.889,0.556,0.667,0.5,1,0,0,0.67,0,0.67,1,0,0,0.039,1,0.5,0,0,0,1,0,0,0.5,1,0,0,26969307
"MLI","Mali","Sub-Saharan Africa","Low income",2019,66.6,63.1,64.23125,35.7083333333333,30,51.9279166666667,0.666,0.5,0.393,1,0.7045,0.565666666666667,0.639,0.689,0.333333333333333,0.866,0,0.229,1,0.3,0,0,1,0.33,1,1,0.5,0.32,0.782,0.387,0.31,0.167,0.393,1,0.571,0.8,0.762,0.636,0.625,0.833,0.8,0.538,0.556,0.4,0.6,0.5,0.778,0.778,0.6,0.5,1,0,0,1,1,1,1,0.33,0,0.229,1,0.5,0,0.5,0,1,0,0,0,1,0,0,19658031
"LBN","Lebanon","Middle East & North Africa","Upper middle income",2019,60,62.6,57.39375,49.3583333333333,30,51.8704166666667,0.6,0.5,0.378,1,0.5815,0.462166666666667,0.9445,0.516,0.333333333333333,0.4,1,0.241,-99,0.3,-99,0,0,1,1,1,0.5,0.702,0.607,0.225,0.358,0,0.378,1,0.714,0.667,0.619,0.364,0.125,1,0.6,0.231,0.375,0.4,0.667,0.5,0.889,0.444,0.588,1,0,1,0,0.33,0,1,0.67,0,1,0.241,NA,1,0.5,0,0,0,0,0,0.5,1,0,NA,6855713
"NIC","Nicaragua","Latin America & Caribbean","Lower middle income",2019,90,60.0333333333333,45.38125,27.875,35,51.6579166666667,0.9,0.5,0.301,1,0.419666666666667,0.4385,0.4445,0.6115,0.5,0.468,0,0.147,-99,0.35,-99,0.5,1,1,1,1,0.5,0.262,0.65,0.161,0.433,0,0.301,1,0.429,0.444,0.762,0.091,0.125,0.667,0.8,0.231,0.5,0.4,0.2,0.5,0.889,0.556,0.667,0,0.5,1,0,1,0,0.67,0.67,0,0,0.147,NA,1,1,0.5,0,0,0,0,0,1,0,NA,6545502
"TLS","Timor-Leste","East Asia & Pacific","Lower middle income",2019,50,58.2333333333333,59.26875,32.7083333333333,55,51.0420833333333,0.5,0.5,0.247,1,0.6015,0.498833333333333,0.6945,0.746,0.333333333333333,0.734,0,0.241,0,0.55,-99,0.5,0,0,1,1,0.5,0,0.649,0.131,0.457,0,0.247,1,0.571,0.444,0.714,0.455,0.625,0.8,0.8,0.385,0.375,0.333,0.6,0.5,0.889,0.778,0.714,0.5,1,0,0,1,0,1,0.67,1,0,0.241,0,1,0.5,1,0.5,1,0,0.5,0,1,0,NA,1293119
"BDI","Burundi","Sub-Saharan Africa","Low income",2019,70,61.7,68.9,18.9666666666667,35,50.9133333333333,0.7,0.5,0.351,1,0.697333333333333,0.591333333333333,0.9445,0.7015,0.166666666666667,0.4,0,0.192,1,0.35,0,0,1,1,1,0.5,0.5,0.085,0.83,0.343,0.496,0,0.351,1,0.714,0.667,0.8,0.545,0.625,0.833,0.933,0.357,0.375,0.333,0.8,0.75,0.889,0.778,0.625,1,0.5,0,0,1,0.33,0,0.67,0,0,0.192,1,0.5,0,0.5,0.5,1,0,0,0,1,0,0,11530580
"LCA","St. Lucia","Latin America & Caribbean","Upper middle income",2019,80,55.9333333333333,45.9875,47.5,25,50.8841666666667,0.8,0.5,0.178,1,0.490166666666667,0.409833333333333,0.4445,0.5345,0.5,0.4,1,0,-99,0.25,-99,0,1,1,1,1,0.5,0.024,0.554,0.289,0.024,0,0.178,1,0.571,0.5,0.714,0.364,0.125,0.667,0.8,0.154,0.222,0.333,0.2,0.75,0.889,0.444,0.625,0,1,0.5,0,0.67,0,1,0.33,0,1,0,NA,1,0,0.5,0,0,0,0,0,1,0,NA,182790
"SUR","Suriname","Latin America & Caribbean","Upper middle income",2019,60,62.4333333333333,46.63125,49.95,35,50.8029166666667,0.6,0.5,0.373,1,0.462333333333333,0.4385,0.4445,0.5835,0.5,0.334,1,0.164,1,0.35,1,0,1,0,1,1,0.5,0.329,0.775,0.387,0.35,0.024,0.373,1,0.143,0.444,0.857,0.455,0.375,0.5,0.8,0.231,0.5,0.4,0.2,0.5,0.889,0.667,0.5,0,1,0.5,0,0.67,0,0,1,0,1,0.164,1,0.5,0,0.5,0,1,0,0,0.5,1,0,1,581363
"BHS","Bahamas, The","Latin America & Caribbean","High income",2019,100,27.3,35.8375,27.4833333333333,60,50.1241666666667,1,0.5,0.319,0,0.302833333333333,0.4195,0.278,0.422,0.333333333333333,0.266,0.5,0,-99,0.6,-99,1,1,1,1,1,0.5,0,0.83,0.23,0.538,0,0.319,0,0.143,0.143,0.8,0.273,0.125,0.333,1,0.308,0.125,0.167,0.167,0.75,0.556,0.444,0.4,0,1,0,0,0.33,0,1,0,0,0.5,0,NA,1,0.5,1,0.5,1,0,0,1,1,0,NA,389482
"AFG","Afghanistan","South Asia","Low income",2019,70,59.9,68.30625,15.575,35,49.75625,0.7,0.5,0.297,1,0.693,0.608833333333333,0.9445,0.6145,0,0.466,0,0.157,-99,0.35,-99,0,1,1,1,0.5,0.5,0.198,0.729,0.179,0.38,0,0.297,1,0.714,0.889,0.8,0.455,0.5,0.8,0.933,0.462,0.375,0.333,0.8,0.75,0.889,0.667,0.562,1,0,0,0,1,0,0.33,1,0,0,0.157,NA,0.5,0,0,0,1,0,0.5,0.5,1,0,NA,38041754
"LBR","Liberia","Sub-Saharan Africa","Low income",2019,90,28.8333333333333,56.825,26.4833333333333,45,49.4283333333333,0.9,0.5,0.365,0,0.563333333333333,0.552833333333333,0.6945,0.503,0.333333333333333,0.534,0,0.192,1,0.45,0,1,1,1,1,0.5,0.5,0.329,0.763,0.352,0.381,0,0.365,0,0.714,0.667,0.619,0.455,0.125,0.8,0.933,0.462,0.222,0.4,0.8,0.5,0.889,0.444,0.562,0.5,0.5,0,0.5,1,0,0.67,1,0,0,0.192,1,1,0,0.5,0,1,0,0.5,0.5,1,0,0,4937374
"SYC","Seychelles","Sub-Saharan Africa","High income",2019,40,46.4666666666667,52.8375,53.8666666666667,50,48.6341666666667,0.4,1,0.394,0,0.519,0.503,0.6945,0.4665,0.666666666666667,0.466,1,0.022,-99,0.5,-99,0,0,1,1,0,1,0.326,0.739,0.34,0.519,0.048,0.394,0,0.571,0.5,0.762,0.364,0.25,0.667,0.8,0.385,0.5,0.333,0.5,0.5,0.889,0.333,0.6,0.5,1,1,0,1,0,1,0.33,0,1,0.022,NA,0.5,0,1,0.5,1,0,0.5,0.5,1,0,NA,97625
"MRT","Mauritania","Sub-Saharan Africa","Lower middle income",2019,70,62.4666666666667,47.79375,25.0833333333333,35,48.06875,0.7,0.5,0.374,1,0.560166666666667,0.3985,0.4445,0.503,0.333333333333333,0.534,0,0.136,1,0.35,0,0.5,0,1,1,1,0.5,0.211,0.859,0.32,0.481,0,0.374,1,0.286,0.778,0.667,0.455,0.375,0.8,0.8,0.308,0.25,0.333,0.2,0.5,0.889,0.444,0.562,0,1,0,0,1,0,0.67,1,0,0,0.136,1,0.5,0,1,0,1,0,0,0,1,0,0,4525696
"BEN","Benin","Sub-Saharan Africa","Lower middle income",2019,70,58.3,57.28125,29.65,25,48.04625,0.7,0.5,0.249,1,0.635166666666667,0.5145,0.389,0.7445,0.5,0.6,0,0.086,-99,0.25,0,0.5,1,1,1,0,0.5,0.217,0.514,0.258,0.254,0,0.249,1,0.571,0.667,0.762,0.636,0.375,0.8,0.8,0.462,0.375,0.5,0.2,0.75,0.778,0.889,0.6,0,1,0,0.5,1,0,1,1,0,0,0.086,NA,0.5,0,0.5,0,0,0,0,0.5,1,0,0,11801151
"SWZ","Eswatini","Sub-Saharan Africa","Lower middle income",2019,90,22.4333333333333,63.69375,19.8083333333333,40,47.1870833333333,0.9,0.5,0.173,0,0.622833333333333,0.619666666666667,0.9445,0.4235,0.333333333333333,0.334,0,0.125,1,0.4,0,0.5,1,1,1,1,0.5,0,0.424,0.212,0.231,0,0.173,0,0.857,0.556,0.619,0.455,0.25,1,0.8,0.462,0.556,0.6,0.8,0.5,0.889,0.222,0.625,1,1,0,0,0.67,0,0.33,0.67,0,0,0.125,1,1,0.5,1,0,0,0,0,0.5,1,0,0,1148130
"GIN","Guinea","Sub-Saharan Africa","Low income",2019,70,61.4,57.06875,20.9083333333333,20,45.8754166666667,0.7,0.5,0.342,1,0.594333333333333,0.462166666666667,0.6945,0.7015,0.333333333333333,0.334,0,0.169,1,0.2,0,0.5,1,1,1,0,0.5,0,0.933,0.311,0.467,0,0.342,1,0.429,0.625,0.667,0.545,0.5,0.8,0.933,0.385,0.222,0.333,0.4,0.5,0.889,0.778,0.625,0.5,1,0,0,0.67,0,0,1,0,0,0.169,1,1,1,0,0,0,0,0,0,0,0,0,12771246
"GMB","Gambia, The","Sub-Saharan Africa","Low income",2019,60,28.5333333333333,64.91875,31.6416666666667,35,44.01875,0.6,0.5,0.356,0,0.709833333333333,0.528166666666667,0.889,0.5905,0.666666666666667,0.534,0,0.065,1,0.35,0,0,1,1,1,0,0.5,0.095,0.83,0.439,0.415,0,0.356,0,1,0.625,0.714,0.545,0.375,1,0.933,0.286,0.25,0.4,0.8,0.5,0.778,0.556,0.625,1,1,1,0,1,0,0.67,1,0,0,0.065,1,1,0.5,0.5,0,0,0,0.5,0,1,0,0,2347706
"VCT","St. Vincent and the Grenadines","Latin America & Caribbean","Upper middle income",2019,40,62.6666666666667,41.78125,40.2083333333333,35,43.93125,0.4,0.5,0.38,1,0.4135,0.367333333333333,0.4445,0.5555,0.333333333333333,0.132,1,0.143,0,0.35,-99,0,1,1,0,0,0.5,0.31,0.751,0.435,0.387,0.019,0.38,1,0.286,0.444,0.762,0.364,0.125,0.5,0.8,0.154,0.25,0.333,0.167,0.5,0.889,0.444,0.667,0,1,0,0,0.33,0,0.33,0,0,1,0.143,0,1,0,0.5,0,1,0,0,0,1,0,NA,110589
"VEN","Venezuela, RB","Latin America & Caribbean","Upper middle income",2019,46.6,59.9,52.075,35.75,25,43.865,0.466,0.5,0.297,1,0.480833333333333,0.481833333333333,0.6945,0.5835,0.5,0.266,0.5,0.164,-99,0.25,-99,0,1,0.33,1,0,0.5,0.467,0.342,0.332,0.345,0,0.297,1,0.571,0.444,0.714,0.364,0.125,0.667,0.8,0.214,0.444,0.333,0.6,0.5,0.889,0.667,0.5,0.5,1,0.5,0,0.33,0,1,0,0,0.5,0.164,NA,0.5,0,0,0,1,0,0,0,1,0,NA,28515829
"TTO","Trinidad and Tobago","Latin America & Caribbean","High income",2019,60,27.2666666666667,40.225,42.7583333333333,40,42.05,0.6,0.5,0.318,0,0.381166666666667,0.396166666666667,0.3335,0.5525,0.333333333333333,0.334,1,0.043,-99,0.4,-99,0,0,1,1,1,0.5,0.493,0.524,0.397,0.174,0,0.318,0,0,0.444,0.619,0.182,0.375,0.667,0.8,0.154,0.556,0.167,0.2,0.5,0.667,0.667,0.438,0,1,0,0,0,0,1,0.67,0,1,0.043,NA,1,0.5,0.5,0,1,0,0,0,1,0,NA,1394973
"SLB","Solomon Islands","East Asia & Pacific","Lower middle income",2019,60,60.4333333333333,47.45625,20.4333333333333,20,41.6645833333333,0.6,0.5,0.313,1,0.491333333333333,0.377333333333333,0.4445,0.746,0.333333333333333,0.266,0,0.218,-99,0.2,-99,0,1,1,0.5,0.5,0.5,0.098,0.635,0.306,0.527,0,0.313,1,0.286,0.667,0.714,0.364,0.25,0.667,0.8,0.214,0.25,0.333,0.167,0.5,0.889,0.778,0.714,0,1,0,0,1,0,0,0.33,0,0,0.218,NA,0.5,0,0.5,0,0,0,0,0,1,0,NA,669823
"GUY","Guyana","Latin America & Caribbean","Upper middle income",2019,60,57.4333333333333,46.13125,18.8833333333333,25,41.4895833333333,0.6,0.5,0.223,1,0.492,0.436333333333333,0.3335,0.572,0.333333333333333,0.4,0,0.022,-99,0.25,-99,0,1,1,0,1,0.5,0,0.53,0.265,0.322,0,0.223,1,0.286,0.5,0.81,0.273,0.25,0.833,0.8,0.385,0.333,0.4,0.2,0.5,0.667,0.556,0.588,0,1,0,0,0.33,0,0.67,1,0,0,0.022,NA,0.5,0,1,0,0,0,0,0,1,0,NA,782766
"PNG","Papua New Guinea","East Asia & Pacific","Lower middle income",2019,60,55.2666666666667,50.68125,18.2833333333333,20,40.84625,0.6,0.5,0.158,1,0.472166666666667,0.455166666666667,0.6945,0.578,0.333333333333333,0.2,0,0.198,-99,0.2,-99,0,1,1,1,0,0.5,0.048,0.424,0.142,0.179,0,0.158,1,0.429,0.286,0.762,0.273,0.25,0.833,0.8,0.154,0.444,0.333,0.5,0.5,0.889,0.556,0.6,0.5,1,0,0,0.67,0,0,0.33,0,0,0.198,NA,0.5,0.5,0,0,0,0,0,0,1,0,NA,8776109
"VUT","Vanuatu","East Asia & Pacific","Lower middle income",2019,60,59.1333333333333,45.725,23.6,15,40.6916666666667,0.6,0.5,0.274,1,0.398333333333333,0.434,0.6945,0.4665,0.5,0.334,0,0.11,1,0.15,0,0,1,1,1,0,0.5,0.099,0.659,0.225,0.385,0,0.274,1,0.429,0.25,0.571,0.182,0.125,0.833,0.8,0.154,0.25,0.4,0.5,0.5,0.889,0.333,0.6,0.5,1,0.5,0,1,0,0,0.67,0,0,0.11,1,0.5,0,0,0,0,0,0,0,1,0,0,299882
"STP","Sao Tome and Principe","Sub-Saharan Africa","Lower middle income",2019,60,24.7333333333333,42.9375,41.6833333333333,30,39.8708333333333,0.6,0.5,0.242,0,0.436666666666667,0.385666666666667,0.4445,0.5235,0.333333333333333,0.334,1,0,1,0.3,1,0,1,1,1,0,0.5,0.411,0.411,0.387,0,0,0.242,0,0.429,0.25,0.619,0.364,0.125,0.833,0.8,0.231,0.25,0.333,0.2,0.5,0.889,0.333,0.714,0,1,0,0,0.67,0,0,1,0,1,0,1,0.5,0,0.5,0,1,0,0,0,1,0,1,215056
"SDN","Sudan","Sub-Saharan Africa","Low income",2019,53.4,57.9333333333333,55.65625,18.8166666666667,10,39.16125,0.534,0.5,0.238,1,0.520166666666667,0.493666666666667,0.9445,0.4665,0.166666666666667,0.4,0,0.186,1,0.1,0,0,1,0.67,1,0,0.5,0,0.576,0.254,0.358,0,0.238,1,0.714,0.7,0.476,0.273,0.125,0.833,0.8,0.154,0.375,0.333,0.8,0.5,0.889,0.333,0.6,1,0.5,0,0,0.67,0,0.33,1,0,0,0.186,1,0,0,0,0,0,0,0,0,1,0,0,42813238
"TCD","Chad","Sub-Saharan Africa","Low income",2019,56.6,51.5333333333333,52.35,17.2333333333333,15,38.5433333333333,0.566,0.5,0.046,1,0.612166666666667,0.446666666666667,0.4445,0.567,0.333333333333333,0.334,0,0.022,0,0.15,0,0,1,0.33,1,0.5,0.5,0.037,0.085,0.042,0.066,0,0.046,1,0.286,0.667,0.75,0.545,0.625,0.8,0.933,0.214,0.5,0.333,0.2,0.5,0.889,0.667,0.467,0,1,0,0,0.67,0,0,1,0,0,0.022,0,0.5,0,0,0,0,0,0,0,1,0,0,15946876
"HTI","Haiti","Latin America & Caribbean","Low income",2019,80,19.6666666666667,51.23125,16.6833333333333,20,37.51625,0.8,0.5,0.09,0,0.541333333333333,0.439833333333333,0.4445,0.7105,0.333333333333333,0.334,0,0,-99,0.2,-99,1,1,1,1,0,0.5,0,0.238,0.095,0.119,0,0.09,0,0.286,0.556,0.8,0.273,0.5,0.833,0.933,0.231,0.375,0.4,0.2,0.5,0.889,0.778,0.643,0,0.5,0.5,0,1,0,0,0.67,0,0,0,NA,0,0,0,0,1,0,0,0,1,0,NA,11263077
"YEM","Yemen, Rep.","Middle East & North Africa","Low income",2019,80,25.5333333333333,37.90625,20.4166666666667,20,36.77125,0.8,0.5,0.266,0,0.317833333333333,0.407833333333333,0.4445,0.411,0.166666666666667,0.402,0,0.248,-99,0.2,-99,0,1,1,1,1,0.5,0.825,0.14,0.117,0.129,0.117,0.266,0,0.286,0.143,0.571,0.182,0.125,0.6,0.8,0.214,0.333,0.4,0.2,0.5,0.889,0.222,0.6,0,0.5,0,0,0.67,0,0.67,0.67,0,0,0.248,NA,0.5,0,0.5,0,1,0,0,0,0,0,NA,29161922
"DJI","Djibouti","Middle East & North Africa","Lower middle income",2019,40,60.3666666666667,41.60625,16.0583333333333,25,36.60625,0.4,0.5,0.311,1,0.424166666666667,0.3775,0.4445,0.479,0.333333333333333,0.266,0,0.043,0,0.25,0,0,0,1,1,0,0.5,0.093,0.689,0.168,0.321,0.284,0.311,1,0.571,0.375,0.619,0.455,0.125,0.4,0.867,0.143,0.222,0.333,0.2,0.5,0.889,0.333,0.625,0,1,0,0,1,0,0,0.33,0,0,0.043,0,0.5,0.5,0,0,0,0,0,0.5,1,0,0,973560
"COG","Congo, Rep.","Sub-Saharan Africa","Lower middle income",2019,60,27.9333333333333,47.8,27.15,20,36.5766666666667,0.6,0.5,0.338,0,0.4945,0.453833333333333,0.4445,0.5345,0.5,0.334,0,0.252,1,0.2,0,0,1,1,1,0,0.5,0,0.793,0.372,0.525,0,0.338,0,0.286,0.444,0.714,0.273,0.25,1,0.933,0.357,0.333,0.4,0.2,0.5,0.889,0.444,0.625,0,0.5,1,0,0.67,0,0,1,0,0,0.252,1,0,0,0,0,1,0,0,0,1,0,0,5380508
"IRQ","Iraq","Middle East & North Africa","Upper middle income",2019,30,25,61.95,22.0583333333333,35,34.8016666666667,0.3,0.5,0.25,0,0.604666666666667,0.575166666666667,0.9445,0.472,0.333333333333333,0.4,0,0.149,1,0.35,0,0,0,0,1,0.5,0.5,0.048,0.745,0.231,0.225,0,0.25,0,0.714,0.667,0.857,0.182,0.375,0.833,0.8,0.462,0.556,0.333,0.8,0.5,0.889,0.444,0.5,1,0,1,0,1,0,0,1,0,0,0.149,1,0,0,0.5,0.5,1,0,0,0.5,1,0,0,39309783
"COD","Congo, Dem. Rep.","Sub-Saharan Africa","Low income",2019,60,26.2666666666667,44.325,18.175,20,33.7533333333333,0.6,0.5,0.288,0,0.445833333333333,0.457333333333333,0.4445,0.392,0,0.466,0,0.261,-99,0.2,0,0,1,1,1,0,0.5,0.09,0.696,0.282,0.372,0,0.288,0,0.286,0.5,0.6,0.364,0.125,0.8,0.8,0.286,0.625,0.333,0.2,0.5,0.889,0.222,0.562,0,0,0,0,0.33,0,0.33,1,0.67,0,0.261,NA,0.5,0,0.5,0,0,0,0,0,1,0,0,86790567
"GNB","Guinea-Bissau","Sub-Saharan Africa","Low income",2019,60,27.2666666666667,41.9875,17.7583333333333,20,33.4025,0.6,0.5,0.318,0,0.328333333333333,0.447666666666667,0.639,0.392,0.333333333333333,0.334,0,0.043,-99,0.2,-99,0,1,1,1,0,0.5,0.248,0.641,0.314,0.387,0,0.318,0,0.429,0.375,0.55,0.091,0.125,0.4,0.8,0.231,0.222,0.333,0.6,0.5,0.778,0.222,0.562,0.5,1,0,0,0.67,0,0,1,0,0,0.043,NA,0.5,0,0,0.5,0,0,0,0,1,0,NA,1920922
"SSD","South Sudan","Sub-Saharan Africa","Low income",2019,20,41.7666666666667,45.7875,14.8916666666667,30,30.4891666666667,0.2,0,0.253,1,0.442166666666667,0.458333333333333,0.6945,0.267,0.166666666666667,0.198,0,0.231,1,0.3,0,0,0,0,1,0,0,0.133,0.557,0.278,0.297,0,0.253,1,0.571,0.375,0.476,0.273,0.125,0.833,0.8,0.231,0.333,0.286,0.6,0.5,0.889,0.222,0.312,0.5,0.5,0,0,0.33,0,0,0.33,0.33,0,0.231,1,1,0.5,0,0.5,0,0,0,0,1,0,0,11062113
"GAB","Gabon","Sub-Saharan Africa","Upper middle income",2019,40,23.7333333333333,41.55625,14.9833333333333,20,28.0545833333333,0.4,0.5,0.212,0,0.425833333333333,0.415666666666667,0.389,0.411,0.333333333333333,0.266,0,0,1,0.2,1,0,0,1,1,0,0.5,0.143,0.422,0.247,0.247,0,0.212,0,0.571,0.444,0.524,0.091,0.125,0.8,0.8,0.286,0.375,0.333,0.2,0.5,0.778,0.222,0.6,0,1,0,0,0.33,0,0.33,0.67,0,0,0,1,0.5,0,0.5,0,0,0,0,0,1,0,1,2172579
"SYR","Syrian Arab Republic","Middle East & North Africa","Low income",2019,26.6,24.8333333333333,38.09375,17.7416666666667,25,26.45375,0.266,0.5,0.245,0,0.318666666666667,0.4335,0.4445,0.3465,0.166666666666667,0.4,0,0.143,-99,0.25,-99,0,0,0.33,1,0,0.5,0.33,0.549,0.071,0.275,0,0.245,0,0.143,0.286,0.667,0.091,0.125,0.6,0.8,0.143,0.625,0.333,0.2,0.5,0.889,0.222,0.471,0,0.5,0,0,0.67,0,1,0.33,0,0,0.143,NA,0,0,0.5,0,1,0,0,0,1,0,NA,17070135
"KIR","Kiribati","East Asia & Pacific","Lower middle income",2019,20,25.7666666666667,46.1875,15.5333333333333,15,24.4975,0.2,0.5,0.273,0,0.388666666666667,0.480833333333333,0.639,0.4475,0.333333333333333,0.266,0,0.022,-99,0.15,-99,0,0,0,1,0,0.5,0.251,0.594,0.249,0.273,0,0.273,0,0.429,0.333,0.714,0.273,0.25,0.333,0.933,0.286,0.333,0.333,0.5,0.5,0.778,0.333,0.562,0.5,1,0,0,0.33,0,0,1,0,0,0.022,NA,0.5,0,0.5,0,0,0,0.5,0,0,0,NA,117606
"FSM","Micronesia, Fed. Sts.","East Asia & Pacific","Lower middle income",2019,20,25.6333333333333,41.68125,16.7833333333333,15,23.8195833333333,0.2,0.5,0.269,0,0.356166666666667,0.418166666666667,0.6945,0.317,0.333333333333333,0.134,0,0.204,-99,0.15,-99,0,0,0,1,0,0.5,0.331,0.53,0.241,0.241,0,0.269,0,0.429,0.286,0.524,0.273,0.125,0.5,0.8,0.154,0.222,0.333,0.5,0.5,0.889,0.222,0.412,0.5,1,0,0,0.67,0,0,0,0,0,0.204,NA,0.5,0,0,0,1,0,0,0,0,0,NA,113815
"TKM","Turkmenistan","Europe & Central Asia","Upper middle income",2019,46.6,0.633333333333333,41.7875,13.3333333333333,15,23.4708333333333,0.466,0,0.019,0,0.4095,0.415,0.4445,0.425,0.333333333333333,0.2,0,0,-99,0.15,-99,0,1,0.33,1,0,0,0,0.048,0.024,0.024,0,0.019,0,0.286,0.625,0.714,0.182,0.25,0.4,0.8,0.357,0.333,0.333,0.167,0.5,0.889,0.556,0.294,0,1,0,0,0,0,0,1,0,0,0,NA,0.5,1,0,0,0,0,0,0,0,0,NA,5942089
"LBY","Libya","Middle East & North Africa","Upper middle income",2019,20,20.6333333333333,35.6125,10.7916666666667,20,21.4075,0.2,0.5,0.119,0,0.329833333333333,0.360666666666667,0.4445,0.333,0.166666666666667,0.134,0,0.131,1,0.2,0,0,0,0,1,0,0.5,0,0,0.278,0.317,0,0.119,0,0.143,0.429,0.524,0.091,0.125,0.667,0.6,0.231,0.333,0.333,0.167,0.5,0.889,0.333,0.333,0,0.5,0,0,0,0,0,0.67,0,0,0.131,1,0.5,0,0.5,0,1,0,0,0,0,0,0,6777452
"MHL","Marshall Islands","East Asia & Pacific","Upper middle income",2019,20,24.1,38.71875,11.4833333333333,10,20.8604166666667,0.2,0.5,0.223,0,0.422166666666667,0.362666666666667,0.389,0.354,0.333333333333333,0.066,0,0.06,-99,0.1,-99,0,0,0,1,0,0.5,0,0.53,0.241,0.344,0,0.223,0,0.286,0.571,0.429,0.455,0.125,0.667,0.8,0.154,0.222,0.333,0.167,0.5,0.778,0.333,0.375,0,1,0,0,0,0,0,0.33,0,0,0.06,NA,0.5,0.5,0,0,0,0,0,0,0,0,NA,58791
"SOM","Somalia","Sub-Saharan Africa","Low income",2019,16.6,36.0333333333333,45.45625,0,0,19.6179166666667,0.166,0,0.081,1,0.357333333333333,0.444166666666667,0.9445,0.2875,0,0,0,0,-99,0,-99,0,0,0.33,0.5,0,0,0.048,0.143,0.024,0.048,0.143,0.081,1,0.429,0.375,0.524,0.091,0.125,0.6,0.6,0.143,0.222,0.4,0.8,0.5,0.889,0.222,0.353,1,0,0,0,0,0,0,0,0,0,0,NA,0,0,0,0,0,0,0,0,0,0,NA,15442905
"ASM","American Samoa","East Asia & Pacific","Upper middle income",2019,30,NA,19.85,NA,NA,NA,0.3,0,NA,NA,0.115333333333333,0.154666666666667,0.5835,0.1945,NA,NA,1,NA,-99,NA,-99,1,0,0,0.5,0,0,NA,NA,NA,NA,NA,NA,NA,0.143,0,0.091,0,0.125,0.333,0.4,0,0.111,0,0.167,0.25,0.667,0.111,0.278,0.5,1,0.5,NA,NA,NA,NA,NA,NA,1,NA,NA,1,0.5,NA,NA,NA,NA,NA,NA,NA,NA,NA,55312
"AND","Andorra","Europe & Central Asia","High income",2019,60,NA,26.7875,NA,NA,NA,0.6,0,NA,0,0.241333333333333,0.23,0.3335,0.3955,0.333333333333333,0.4,1,NA,1,NA,1,1,0,1,1,0,0,NA,NA,NA,NA,NA,NA,0,0,0,0.55,0.273,0.125,0.5,0.6,0.071,0.125,0.167,0.167,0.25,0.667,0.556,0.235,0,1,0,0,1,0,1,0,0,1,NA,1,0.5,0,NA,NA,NA,NA,NA,NA,NA,NA,1,77142
"ATG","Antigua and Barbuda","Latin America & Caribbean","High income",2019,20,NA,46.44375,NA,25,NA,0.2,0.5,NA,0,0.464166666666667,0.492166666666667,0.389,0.4575,0.5,0.066,1,NA,0,0.25,1,0,0,1,0,0,0.5,NA,NA,NA,NA,NA,NA,0,0.286,0.286,0.8,0.455,0.125,0.833,1,0.231,0.222,0.333,0.167,1,0.778,0.444,0.471,0,1,0.5,0,0,0,0,0.33,0,1,NA,0,1,0,0.5,0,0,0,0,0,1,0,1,97118
"ABW","Aruba","Latin America & Caribbean","High income",2019,60,NA,17.075,NA,NA,NA,0.6,0.5,NA,NA,0.0876666666666667,0.206333333333333,0.278,0.206,NA,NA,1,NA,-99,NA,-99,1,0,1,1,0,0.5,NA,NA,NA,NA,NA,NA,NA,0.143,0.125,0.091,0,0,0.167,0.8,0.077,0.111,0,0,0.25,0.556,0,0.412,0,1,0,NA,NA,NA,0,NA,NA,1,NA,NA,0.5,0,NA,NA,NA,NA,NA,NA,NA,NA,NA,106314
"BRB","Barbados","Latin America & Caribbean","High income",2019,80,NA,50.8375,NA,30,NA,0.8,0.5,NA,0,0.412833333333333,0.5365,0.778,0.441,0.333333333333333,0.134,1,NA,1,0.3,0,1,0,1,1,1,0.5,NA,NA,NA,NA,NA,NA,0,0.429,0.125,0.8,0.273,0.25,0.6,1,0.385,0.25,0.167,0.667,0.75,0.556,0.444,0.438,1,1,0,0,0,0,0,0.67,0,1,NA,1,0.5,0.5,0.5,0,0,0,0,0.5,1,0,0,287025
"BMU","Bermuda","North America","High income",2019,60,NA,16.73125,NA,NA,NA,0.6,0,NA,NA,0.14,0.1275,0.278,0.258,NA,NA,1,NA,-99,NA,-99,1,0,1,1,0,0,NA,NA,NA,NA,NA,NA,NA,0.143,0,0.091,0.273,0,0.333,0.4,0.143,0.222,0,0,0,0.556,0.222,0.294,0,1,0,NA,NA,NA,NA,NA,NA,1,NA,NA,0.5,0,NA,NA,NA,NA,NA,NA,NA,NA,NA,63918
"VGB","British Virgin Islands","Latin America & Caribbean","High income",2019,40,NA,18.16875,NA,NA,NA,0.4,0,NA,NA,0.1475,0.192333333333333,0.278,0.156,NA,NA,1,NA,-99,NA,-99,1,0,1,0,0,0,NA,NA,NA,NA,NA,NA,NA,0.143,0,0.045,0.364,0,0.333,0.4,0.143,0.111,0,0,0.5,0.556,0,0.312,0,1,0,NA,NA,NA,NA,0.33,NA,1,NA,NA,0,0,NA,NA,NA,NA,NA,NA,NA,NA,NA,30030
"BRN","Brunei Darussalam","East Asia & Pacific","High income",2019,100,NA,40.71875,NA,45,NA,1,0.5,NA,1,0.338666666666667,0.4995,0.3335,0.4095,0.666666666666667,0.334,1,NA,1,0.45,1,1,1,1,1,1,0.5,NA,NA,NA,NA,NA,NA,1,0.143,0.222,0.762,0.455,0.25,0.2,1,0.538,0.375,0.167,0.167,0.75,0.667,0.444,0.375,0,1,0,1,0.67,0,1,0,0,1,NA,1,1,0.5,0.5,0.5,1,0,0,0,1,0,1,433285
"CYM","Cayman Islands","Latin America & Caribbean","High income",2019,40,NA,17.10625,NA,NA,NA,0.4,0,NA,NA,0.0808333333333333,0.205333333333333,0.278,0.232,NA,NA,1,NA,0,NA,1,1,0,1,0,0,0,NA,NA,NA,NA,NA,NA,NA,0,0,0.045,0.273,0,0.167,0.8,0.071,0.111,0,0,0.25,0.556,0.111,0.353,0,1,0,NA,NA,NA,NA,0,NA,1,NA,0,0.5,0.5,NA,NA,NA,NA,NA,NA,NA,NA,1,64948
"CAF","Central African Republic","Sub-Saharan Africa","Low income",2019,20,NA,49.2,NA,20,NA,0.2,0.5,NA,0,0.485666666666667,0.4615,0.6945,0.4,0.166666666666667,0.2,0,NA,1,0.2,0,0,0,1,0,0,0.5,NA,NA,NA,NA,NA,NA,0,0.429,0.625,0.571,0.364,0.125,0.8,0.8,0.286,0.25,0.333,0.6,0.5,0.889,0.333,0.467,0.5,0.5,0,0,0.33,0,0,0.67,0,0,NA,1,0.5,0,0.5,0,0,0,0,0,1,0,0,4745185
"CHI","Channel Islands","Europe & Central Asia","High income",2019,60,NA,NA,NA,NA,NA,0.6,0,NA,NA,NA,NA,NA,NA,NA,NA,NA,NA,-99,NA,-99,1,0,1,1,0,0,NA,NA,NA,NA,NA,NA,NA,NA,NA,NA,NA,NA,NA,NA,NA,NA,NA,NA,NA,NA,NA,NA,NA,1,0,NA,NA,NA,NA,NA,NA,NA,NA,NA,0,0,NA,NA,NA,NA,NA,NA,NA,NA,NA,172259
"COM","Comoros","Sub-Saharan Africa","Lower middle income",2019,60,NA,52.65625,NA,30,NA,0.6,0.5,NA,1,0.460166666666667,0.481,0.9445,0.4445,0.333333333333333,0.4,0,NA,0,0.3,0,0,0,1,1,1,0.5,NA,NA,NA,NA,NA,NA,1,0.571,0.143,0.667,0.455,0.125,0.8,0.8,0.231,0.222,0.333,0.8,0.5,0.889,0.222,0.667,1,1,0,0,1,0,0.33,0.67,0,0,NA,0,1,0,0,0,1,0,0,0,1,0,0,850886
"CUB","Cuba","Latin America & Caribbean","Upper middle income",2019,70,NA,46.875,NA,NA,NA,0.7,0,0.306,NA,0.5165,0.432833333333333,0.4445,0.4575,NA,NA,1,0.164,-99,NA,-99,1,1,0,1,0.5,0,0.393,0.533,0.141,0.463,0,0.306,NA,0.286,0.375,0.9,0.455,0.25,0.833,0.6,0.214,0.5,0.333,0.2,0.75,0.889,0.444,0.471,0,1,0,NA,NA,NA,NA,0.67,NA,1,0.164,NA,0.5,0,NA,NA,NA,NA,NA,NA,NA,NA,NA,11333483
"CUW","Curacao","Latin America & Caribbean","High income",2019,40,NA,18.5125,NA,NA,NA,0.4,0,NA,NA,0.0638333333333333,0.285166666666667,0.278,0.156,NA,NA,1,NA,0,NA,1,1,0,1,0,0,0,NA,NA,NA,NA,NA,NA,NA,0,0,0.091,0,0.125,0.167,0.8,0.286,0.375,0,0,0.25,0.556,0,0.312,0,1,0,NA,NA,NA,NA,NA,NA,1,NA,0,0.5,0,NA,NA,NA,NA,NA,NA,NA,NA,1,157538
"DMA","Dominica","Latin America & Caribbean","Upper middle income",2019,20,NA,39.90625,NA,35,NA,0.2,0.5,NA,0,0.389,0.367333333333333,0.389,0.5345,0.666666666666667,0.2,1,NA,1,0.35,0,0,0,1,0,0,0.5,NA,NA,NA,NA,NA,NA,0,0.143,0.444,0.5,0.455,0.125,0.667,0.8,0.154,0.25,0.333,0.167,0.5,0.778,0.444,0.625,0,1,1,0,0.67,0,0,0.33,0,1,NA,1,0.5,0,0.5,0.5,1,0,0,0,1,0,0,71808
"GNQ","Equatorial Guinea","Sub-Saharan Africa","Upper middle income",2019,0,NA,44.88125,NA,25,NA,0,0,NA,1,0.405666666666667,0.444833333333333,0.6945,0.3445,0.666666666666667,0.132,0,NA,1,0.25,1,0,0,0,0,0,0,NA,NA,NA,NA,NA,NA,1,0.571,0.25,0.524,0.364,0.125,0.6,0.8,0.214,0.222,0.333,0.6,0.5,0.889,0.222,0.467,0.5,1,1,0,0.33,0,0,0.33,0,0,NA,1,0.5,0,0,0,1,0,0,0,1,0,1,1355986
"ERI","Eritrea","Sub-Saharan Africa","Low income",2019,6.6,NA,37.9125,NA,10,NA,0.066,0,NA,0,0.3765,0.3905,0.4445,0.2875,0,0,0,NA,-99,0.1,-99,0,0,0.33,0,0,0,NA,NA,NA,NA,NA,NA,0,0,0.429,0.65,0.455,0.125,0.6,0.8,0.143,0.333,0.4,0.167,0.5,0.889,0.222,0.353,0,0,0,0,0,0,0,0,0,0,NA,NA,0,0,0,0,0,0,0,0,1,0,NA,NA
"FRO","Faroe Islands","Europe & Central Asia","High income",2019,60,NA,11.39375,NA,NA,NA,0.6,0,NA,NA,0.0561666666666667,0.0875,0.278,0.2025,NA,NA,1,NA,1,NA,1,1,0,1,1,0,0,NA,NA,NA,NA,NA,NA,NA,0,0.125,0.045,0,0,0.167,0.4,0,0.125,0,0,0,0.556,0.111,0.294,0,1,0,NA,NA,NA,NA,NA,NA,1,NA,1,0.5,0,NA,NA,NA,NA,NA,NA,NA,NA,1,48678
"PYF","French Polynesia","East Asia & Pacific","High income",2019,60,NA,14.1125,NA,NA,NA,0.6,0,NA,NA,0.0283333333333333,0.174333333333333,0.3335,0.1875,NA,NA,1,NA,-99,NA,-99,1,0,1,1,0,0,NA,NA,NA,NA,NA,NA,NA,0,0.125,0.045,0,0,0,0.6,0.071,0.125,0,0,0.25,0.667,0,0.375,0,1,0,NA,NA,NA,NA,NA,NA,1,NA,NA,0.5,0,NA,NA,NA,NA,NA,NA,NA,NA,NA,279287
"GIB","Gibraltar","Europe & Central Asia","High income",2019,60,NA,12.94375,NA,NA,NA,0.6,0,NA,NA,0.123666666666667,0.108333333333333,0.1665,0.173,NA,NA,1,NA,-99,NA,-99,1,0,1,1,0,0,NA,NA,NA,NA,NA,NA,NA,0,0,0.045,0.364,0,0.333,0.4,0,0.25,0,0,0,0.333,0.111,0.235,0,1,0,NA,NA,NA,NA,NA,NA,1,NA,NA,0,0,NA,NA,NA,NA,NA,NA,NA,NA,NA,33701
"GRL","Greenland","Europe & Central Asia","High income",2019,50,NA,12.5375,NA,NA,NA,0.5,0,NA,NA,0.0706666666666667,0.097,0.3335,0.1665,NA,NA,1,NA,-99,NA,-99,1,0,1,0.5,0,0,NA,NA,NA,NA,NA,NA,NA,0,0,0.091,0,0,0.333,0.4,0.071,0.111,0,0,0,0.667,0.111,0.222,0,1,0,NA,NA,NA,NA,NA,NA,1,NA,NA,1,1,NA,NA,NA,NA,NA,NA,NA,NA,NA,56225
"GRD","Grenada","Latin America & Caribbean","Upper middle income",2019,50,NA,43.1,NA,25,NA,0.5,0.5,NA,0,0.440833333333333,0.388333333333333,0.4445,0.516,0.666666666666667,0.266,1,NA,-99,0.25,-99,0,1,1,0.5,0,0.5,NA,NA,NA,NA,NA,NA,0,0.143,0.375,0.714,0.455,0.125,0.833,0.8,0.308,0.222,0.333,0.167,0.5,0.889,0.444,0.588,0,1,1,0,1,0,0,0.33,0,1,NA,NA,0.5,0,0.5,0.5,0,0,0,0,1,0,NA,112003
"GUM","Guam","East Asia & Pacific","High income",2019,60,NA,15.34375,NA,NA,NA,0.6,0,NA,NA,0.0915,0.160166666666667,0.278,0.1945,NA,NA,1,NA,-99,NA,-99,1,0,1,1,0,0,NA,NA,NA,NA,NA,NA,NA,0,0,0.091,0,0.125,0.333,0.6,0,0.111,0,0,0.25,0.556,0.111,0.278,0,1,0.5,NA,NA,NA,NA,NA,NA,1,NA,NA,0.5,0.5,NA,NA,NA,NA,NA,NA,NA,NA,NA,167294
"HKG","Hong Kong SAR, China","East Asia & Pacific","High income",2019,80,NA,28.7375,NA,NA,NA,0.8,1,0.812,NA,0.212,0.291333333333333,0.3335,0.4555,NA,NA,1,0,1,NA,1,1,0,1,1,1,1,0.893,0.943,0.567,0.726,0.933,0.812,NA,0.143,0.25,0.091,0.455,0,0.333,0.6,0.231,0.5,0.167,0,0.25,0.667,0.444,0.467,0,1,0,NA,NA,NA,NA,NA,NA,1,0,1,1,1,NA,0,1,NA,1,NA,1,NA,1,7507400
"IMN","Isle of Man","Europe & Central Asia","High income",2019,60,NA,10.88125,NA,NA,NA,0.6,0,NA,NA,0.0516666666666667,0.109,0.1665,0.222,NA,NA,1,NA,-99,NA,-99,1,0,1,1,0,0,NA,NA,NA,NA,NA,NA,NA,0.143,0,0,0,0,0.167,0.4,0,0.111,0.143,0,0,0.333,0.222,0.222,0,1,0,NA,NA,NA,NA,NA,NA,1,NA,NA,1,1,NA,NA,NA,NA,NA,NA,NA,NA,NA,84584
"PRK","Korea, Dem. Peoples Rep.","East Asia & Pacific","Low income",2019,20,NA,43.09375,NA,NA,NA,0.2,0,NA,NA,0.485666666666667,0.391166666666667,0.4445,0.3725,NA,NA,0,NA,0,NA,-99,1,0,0,0,0,0,NA,NA,NA,NA,NA,NA,NA,0,0.625,0.8,0.364,0.125,1,0.8,0.214,0.333,0.333,0.167,0.5,0.889,0.333,0.412,0,1,0,NA,NA,NA,NA,NA,NA,0,NA,0,0,0,NA,NA,NA,NA,NA,NA,NA,NA,NA,25666161
"XKX","Kosovo","Europe & Central Asia","Upper middle income",2019,40,66,NA,NA,60,NA,0.4,0.5,0.48,1,NA,NA,NA,NA,0.666666666666667,0.666,NA,0,-99,0.6,-99,1,0,1,0,0,0.5,0.431,0.868,0.459,0.434,0.207,0.48,1,NA,NA,NA,NA,NA,NA,NA,NA,NA,NA,NA,NA,NA,NA,NA,NA,1,1,0,1,0.33,1,1,0,NA,0,NA,0.5,1,1,0.5,1,0,0,1,1,0,NA,1794248
"LIE","Liechtenstein","Europe & Central Asia","High income",2019,60,NA,24.1625,NA,NA,NA,0.6,0,0.486,NA,0.189666666666667,0.230333333333333,0.3335,0.3395,NA,NA,1,0.131,1,NA,1,1,0,1,1,0,0,0.542,0.526,0.453,0.52,0.387,0.486,NA,0.143,0.143,0.045,0.182,0.125,0.5,0.4,0.071,0.125,0.286,0,0.5,0.667,0.444,0.235,0,1,0,NA,NA,NA,NA,NA,NA,1,0.131,1,0,0,NA,NA,NA,NA,NA,NA,NA,NA,1,38019
"MAC","Macao SAR, China","East Asia & Pacific","High income",2019,80,NA,23.925,NA,NA,NA,0.8,0.5,0.424,NA,0.1975,0.209,0.278,0.4165,NA,NA,1,0,1,NA,1,1,0,1,1,1,0.5,0.615,0.652,0.19,0.431,0.231,0.424,NA,0.143,0.25,0.045,0.455,0.125,0.167,0.6,0.154,0.333,0.167,0,0,0.556,0.333,0.5,0,1,0,NA,NA,NA,NA,NA,NA,1,0,1,1,1,NA,NA,NA,NA,NA,NA,NA,NA,1,640445
"MCO","Monaco","Europe & Central Asia","High income",2019,60,NA,27.3875,NA,NA,NA,0.6,0,NA,NA,0.245,0.214833333333333,0.472,0.3395,NA,NA,1,NA,-99,NA,-99,1,0,1,1,0,0,NA,NA,NA,NA,NA,NA,NA,0.143,0.143,0.286,0.273,0.125,0.5,0.2,0.071,0.125,0.143,0.5,0.25,0.444,0.444,0.235,0.5,1,0,NA,NA,NA,NA,NA,NA,1,NA,NA,0,0.5,NA,NA,NA,NA,NA,NA,NA,NA,NA,38964
"NRU","Nauru","East Asia & Pacific","High income",2019,20,NA,34.91875,NA,5,NA,0.2,0,NA,0,0.338833333333333,0.360833333333333,0.389,0.3055,0.333333333333333,0.134,1,NA,1,0.05,0,0,0,0,1,0,0,NA,NA,NA,NA,NA,NA,0,0.286,0.143,0.524,0.455,0.125,0.5,0.8,0.143,0.222,0.333,0.167,0.5,0.778,0.222,0.389,0,1,0,0,0.67,0,0,0,0,1,NA,1,0.5,0,0,0,0,0,0,0,0,0,0,12581
"NCL","New Caledonia","East Asia & Pacific","High income",2019,70,NA,16.025,NA,NA,NA,0.7,0,NA,NA,0.1285,0.138666666666667,0.3335,0.147,NA,NA,1,NA,1,NA,-99,1,0,1,1,0.5,0,NA,NA,NA,NA,NA,NA,NA,0,0.222,0.091,0,0.125,0.333,0.4,0.071,0.111,0,0,0.25,0.667,0,0.294,0,1,0,NA,NA,NA,NA,NA,NA,1,NA,1,0.5,0,NA,NA,NA,NA,NA,NA,NA,NA,NA,287800
"MNP","Northern Mariana Islands","East Asia & Pacific","High income",2019,60,NA,11.28125,NA,NA,NA,0.6,0,NA,NA,0.0915,0.0518333333333333,0.3335,0.139,NA,NA,1,NA,1,NA,0,1,0,1,1,0,0,NA,NA,NA,NA,NA,NA,NA,0,0,0.091,0,0.125,0.333,0.2,0,0.111,0,0,0,0.667,0,0.278,0,1,0.5,NA,NA,NA,NA,NA,NA,1,NA,1,0,0.5,NA,NA,NA,NA,NA,NA,NA,NA,0,57216
"PLW","Palau","East Asia & Pacific","High income",2019,30,NA,34.0875,NA,40,NA,0.3,0.5,NA,0,0.274166666666667,0.360833333333333,0.389,0.433,0.333333333333333,0.134,1,NA,1,0.4,1,0,0,1,0.5,0,0.5,NA,NA,NA,NA,NA,NA,0,0.286,0.286,0.524,0.091,0.125,0.333,0.8,0.143,0.222,0.333,0.167,0.5,0.778,0.333,0.533,0,1,0,0,0.67,0,0,0,0,1,NA,1,0.5,0.5,1,0.5,1,0,0,0.5,0,0,1,18008
"PRI","Puerto Rico","Latin America & Caribbean","High income",2019,80,NA,22.225,NA,NA,NA,0.8,0,NA,NA,0.156,0.221,0.3335,0.3135,NA,NA,1,NA,1,NA,1,1,0,1,1,1,0,NA,NA,NA,NA,NA,NA,NA,0,0.25,0.095,0.091,0,0.5,0.6,0.143,0.333,0,0,0.25,0.667,0.333,0.294,0,1,1,NA,NA,NA,NA,NA,NA,1,NA,1,0,0,NA,NA,NA,NA,NA,NA,NA,NA,1,3193694
"SMR","San Marino","Europe & Central Asia","High income",2019,60,NA,21.61875,NA,60,NA,0.6,0.5,NA,1,0.249833333333333,0.1765,0.222,0.2285,NA,NA,1,NA,-99,0.6,-99,1,0,1,1,0,0.5,NA,NA,NA,NA,NA,NA,1,0.143,0.125,0.333,0.273,0.125,0.5,0.2,0.077,0.222,0.143,0.167,0.25,0.444,0.222,0.235,0,1,0,NA,NA,NA,NA,NA,NA,1,NA,NA,0.5,0,0.5,0.5,1,1,1,0.5,1,0,NA,33860
"SXM","Sint Maarten (Dutch part)","Latin America & Caribbean","High income",2019,40,NA,9.825,NA,NA,NA,0.4,0,NA,NA,0.0353333333333333,0.097,0.278,0.111,NA,NA,1,NA,-99,NA,-99,1,0,1,0,0,0,NA,NA,NA,NA,NA,NA,NA,0,0,0.045,0,0,0.167,0.4,0.071,0.111,0,0,0,0.556,0,0.222,0,0,0,NA,NA,NA,NA,NA,NA,1,NA,NA,0,0.5,NA,NA,NA,NA,NA,NA,NA,NA,NA,40733
"KNA","St. Kitts and Nevis","Latin America & Caribbean","High income",2019,20,NA,28.4,NA,25,NA,0.2,0.5,NA,0,0.214166666666667,0.3165,0.278,0.402,0.333333333333333,0.132,1,NA,1,0.25,1,0,0,1,0,0,0.5,NA,NA,NA,NA,NA,NA,0,0,0.125,0.429,0.273,0.125,0.333,0.8,0.154,0.111,0.167,0.167,0.5,0.556,0.333,0.471,0,1,0,0,0.33,0,0,0.33,0,1,NA,1,1,0,0.5,0,0,0,0,0,1,0,1,52834
"MAF","St. Martin (French part)","Latin America & Caribbean","High income",2019,40,NA,7.05625,NA,NA,NA,0.4,0,NA,NA,0,0.0935,0.1665,0.1175,NA,NA,1,NA,-99,NA,-99,1,0,1,0,0,0,NA,NA,NA,NA,NA,NA,NA,0,0,0,0,0,0,0.2,0,0.111,0,0,0.25,0.333,0,0.235,0,1,0,NA,NA,NA,NA,NA,NA,1,NA,NA,0,0,NA,NA,NA,NA,NA,NA,NA,NA,NA,38002
"TWN","Taiwan, China","East Asia & Pacific","High income",2019,60,NA,NA,NA,NA,NA,0.6,0,0.605,NA,NA,NA,NA,NA,NA,NA,NA,0.169,-99,NA,-99,1,0,1,0,1,0,0.811,0.811,0.462,0.523,0.415,0.605,NA,NA,NA,NA,NA,NA,NA,NA,NA,NA,NA,NA,NA,NA,NA,NA,NA,0,0,NA,NA,NA,NA,NA,NA,NA,0.169,NA,1,0.5,NA,0,0,NA,NA,NA,0,NA,NA,NA
"TON","Tonga","East Asia & Pacific","Upper middle income",2019,90,NA,45.1125,NA,35,NA,0.9,0.5,NA,1,0.3825,0.429333333333333,0.6945,0.479,0.666666666666667,0.4,0,NA,1,0.35,1,0.5,1,1,1,1,0.5,NA,NA,NA,NA,NA,NA,1,0.714,0.25,0.524,0.182,0.125,0.5,0.8,0.154,0.222,0.4,0.5,0.5,0.889,0.333,0.625,0.5,1,1,0,1,0,0.33,0.67,0,0,NA,1,0.5,0.5,0,0.5,0,0,1,0,1,0,1,104494
"TCA","Turks and Caicos Islands","Latin America & Caribbean","High income",2019,60,NA,12.8,NA,NA,NA,0.6,0,NA,NA,0.0303333333333333,0.172,0.278,0.139,NA,NA,1,NA,-99,NA,-99,1,0,1,1,0,0,NA,NA,NA,NA,NA,NA,NA,0,0,0.091,0.091,0,0,0.6,0.071,0.111,0,0,0.25,0.556,0,0.278,0,1,0,NA,NA,NA,NA,NA,NA,1,NA,NA,0.5,0.5,NA,NA,NA,NA,NA,NA,NA,NA,NA,38191
"TUV","Tuvalu","East Asia & Pacific","Upper middle income",2019,10,NA,36.60625,NA,5,NA,0.1,0.5,NA,0,0.368166666666667,0.391166666666667,0.3335,0.317,0.333333333333333,0.132,0,NA,-99,0.05,-99,0,0,0,0.5,0,0.5,NA,NA,NA,NA,NA,NA,0,0.143,0.143,0.476,0.364,0.25,0.833,0.8,0.214,0.333,0.333,0.167,0.5,0.667,0.222,0.412,0,1,0,0,0.33,0,0,0.33,0,0,NA,NA,0,0,0,0.5,0,0,0,0,0,0,NA,11646
"VIR","Virgin Islands (U.S.)","Latin America & Caribbean","High income",2019,60,NA,9.9,NA,NA,NA,0.6,0,NA,NA,0.0075,0.126833333333333,0.278,0.111,NA,NA,1,NA,-99,NA,-99,1,0,1,1,0,0,NA,NA,NA,NA,NA,NA,NA,0,0,0.045,0,0,0,0.4,0,0.111,0,0,0.25,0.556,0,0.222,0,1,1,NA,NA,NA,NA,NA,NA,1,NA,NA,1,0,NA,NA,NA,NA,NA,NA,NA,NA,NA,106631
